"YOB","nKIDS","nDEP","PHON","dINC_SP","EMPS_A","dINC_A","RES","dHVAL","dMBO","dOUTM","dOUTL","dOUTHP","dOUTCC","ID"
19,-1,0,"1",0,"R",0,"O",14464,4,0,0,0,0,1
41,-1,0,"1",0,"P",36000,"O",0,0,280,664,0,80,2
66,0,0,"yes",0,"N",30000,"N",0,0,0,0,0,0,3
51,-1,0,"1",0,"P",464,"O",24928,8464,584,320,0,60,4
65,0,0,"1",0,"P",15000,"P",0,0,0,0,0,0,5
42,2,0,"1",10500,"E",142612.948296592,"O",43392,46464,1120,0,0,0,6
59,-1,0,"1",6500,"B",30000,"O",62464,56000,520,0,96,0,7
43,-1,0,"1",13500,"E",9000,"O",63392,54464,0,200,0,0,8
52,0,0,"1",0,"E",22500,"P",0,0,0,200,0,80,9
65,0,0,"1",0,"P",19500,"O",26464,4464,540,0,0,0,10
48,2,0,"1",0,"E",30000,"O",38464,23664,600,0,524,0,11
55,0,0,"1",8000,"V",21000,"O",14464,64000,376,0,0,0,12
44,0,0,"1",0,"P",24000,"O",54464,0,384,0,0,0,13
53,-1,0,"1",10000,"V",28170,"O",8928,28000,404,0,0,0,14
54,2,0,"1",2100,"N",410053.477035835,"O",50464,28464,600,0,0,88,15
62,0,0,"1",0,"P",18009,"F",0,0,280,0,0,0,16
46,-1,0,"1",2500,"P",33000,"O",3392,54000,0,240,480,0,17
19,-1,0,"1",104,"R",24000,"O",52928,4,0,0,0,0,18
62,0,0,"1",8970,"B",18474,"O",57464,28008,748,0,0,140,19
64,-1,0,"1",0,"T",4170,"P",0,0,0,0,0,0,20
31,0,0,"1",20000,"U",0,"O",0,0,0,0,0,0,21
33,-1,0,"1",3600,"P",9360,"U",0,0,152,512,0,0,22
38,-1,0,"1",5000,"V",18464,"O",13568,28928,0,2000,0,600,23
31,-1,1,"1",0,"P",33464,"F",0,0,2800,0,0,800,24
55,1,1,"1",0,"P",27000,"O",16928,14464,580,0,0,0,25
31,2,0,"0",0,"P",3928,"F",0,0,852,0,0,0,26
33,0,0,"1",0,"P",33750,"O",54464,30464,940,460,44,0,27
29,0,0,"yes",1000,"P",403172.518601641,"O",3392,4,0,0,0,0,28
63,-1,0,"0",0,"P",18300,"F",0,0,500,0,0,0,29
42,3,0,"1",1000,"V",26637,"O",54464,4,0,0,276,0,30
45,4,0,"1",10400,"V",6600,"O",48928,54000,352,124,0,0,31
60,0,0,"1",8000,"P",36000,"O",48928,20928,1608,800,0,0,32
28,0,0,"1",0,"V",17100,"F",0,0,0,100,0,0,33
63,-1,0,"1",0,"B",26400,"P",0,0,320,316,0,0,34
59,1,0,"1",2000,"P",166326.169539243,"O",36928,50464,776,276,0,0,35
65,0,0,"0",0,"V",9000,"O",36000,20000,220,112,0,0,36
44,2,0,"1",0,"V",219642.998548225,"O",28928,22000,108,56,0,0,37
64,0,0,"1",0,"V",21357,"P",0,0,0,0,0,0,38
66,-1,0,"1",0,"P",15000,"P",0,0,0,0,0,0,39
45,0,0,"1",30000,"W",0,"O",21248,14464,0,0,0,0,40
68,-1,0,"1",0,"T",6189,"P",0,0,0,0,0,0,41
54,2,0,"1",0,"P",114474.793253466,"O",43392,4,0,0,0,0,42
45,-1,0,"1",0,"E",62224.6814146638,"O",28928,34464,988,0,0,0,43
13,-1,0,"0",850,"R",37500,"U",0,0,520,0,0,0,44
58,-1,0,"1",0,"P",249906.99805785,"O",26464,64000,520,0,0,0,45
66,-1,0,"1",0,"P",21750,"P",0,0,0,0,0,60,46
59,-1,0,"1",16000,"V",15000,"O",24928,54464,960,180,0,0,47
68,0,0,"1",0,"T",0,"P",48928,6464,0,0,0,0,48
99,0,0,"1",0,"R",0,"O",34464,4,0,0,0,0,49
45,4,0,"1",20000,"W",0,"F",0,0,0,0,0,0,50
31,0,0,"1",0,"V",34170,"O",0,0,0,0,0,0,51
54,0,0,"1",0,"P",23646,"O",4928,4,0,380,0,32,52
57,-1,0,"1",0,"P",18765,"N",0,0,0,0,0,0,53
28,0,0,"1",0,"R",0,"U",0,0,432,0,0,0,54
57,3,0,"1",2928,"E",8784,"U",0,0,400,0,0,0,55
55,3,0,"1",4000,"V",265008.931057528,"O",57856,56928,2000,0,0,600,56
68,-1,0,"0",0,"T",13800,"P",0,0,400,0,0,0,57
67,-1,0,"1",0,"T",18000,"P",0,0,400,0,0,0,58
19,0,0,"1",0,"R",12000,"O",30464,4,0,0,0,0,59
57,0,0,"1",0,"P",472287.285579368,"P",0,0,0,0,0,0,60
35,0,0,"1",0,"E",34500,"O",3392,36000,288,0,0,0,61
66,0,0,"1",0,"M",1620,"N",0,0,0,272,0,0,62
46,2,0,"1",1960,"P",39750,"O",12464,29200,304,80,0,80,63
59,-1,0,"1",7195,"V",19728,"O",40464,56000,292,0,0,0,64
60,0,0,"1",0,"P",22200,"P",0,0,0,0,0,0,65
63,-1,0,"1",0,"V",12825,"N",0,0,0,0,0,20,66
66,0,0,"1",0,"P",16500,"P",0,0,0,0,0,0,67
60,1,0,"yes",0,"P",36012,"O",62464,40464,1000,0,0,0,68
59,1,0,"1",0,"V",36000,"O",58464,26464,1160,640,0,0,69
62,0,0,"yes",0,"P",18000,"F",0,0,572,0,0,0,70
49,-1,0,"1",0,"P",211932.837958448,"O",12928,22464,760,240,0,100,71
61,-1,0,"0",0,"M",30510,"F",0,0,384,0,0,0,72
52,0,0,"1",2000,"E",305124.443834648,"O",63392,43392,2280,0,0,0,73
50,2,0,"1",0,"V",234280.276689678,"O",11392,54464,880,576,0,64,74
67,-1,0,"yes",0,"T",0,"P",0,0,0,0,0,0,75
61,0,0,"0",0,"M",30300,"F",0,0,0,0,80,60,76
61,0,0,"1",0,"V",21474,"U",0,0,0,0,0,640,77
37,0,0,"1",7500,"P",3000,"O",8928,4,0,0,0,20,78
64,0,0,"1",0,"P",18000,"F",0,0,480,0,0,0,79
15,-1,0,"1",0,"R",15300,"O",42464,0,0,0,0,0,80
38,0,0,"1",3000,"E",22500,"O",28928,12000,224,0,0,100,81
68,0,0,"1",0,"T",5862,"U",0,0,160,0,0,0,82
56,-1,0,"yes",9000,"P",15000,"U",0,0,448,0,0,0,83
24,0,0,"1",0,"V",23445,"O",4928,4,0,0,0,120,84
45,1,0,"yes",0,"P",29769,"U",0,0,408,0,0,40,85
57,-1,0,"yes",0,"E",7800,"F",0,0,0,0,0,0,86
52,-1,1,"yes",0,"P",373700.680928305,"O",54464,14464,684,0,0,0,87
62,0,0,"1",0,"V",236459.028664976,"N",0,0,0,0,0,0,88
43,0,0,"1",9500,"P",23400,"O",34464,60000,488,200,0,100,89
21,-1,0,"1",0,"R",0,"O",0,0,0,152,0,0,90
39,-1,0,"1",3600,"P",36000,"O",8928,0,380,152,0,32,91
63,-1,0,"1",0,"P",33000,"U",0,0,356,424,0,200,92
53,-1,0,"1",5000,"P",36000,"O",26464,51200,440,380,0,60,93
64,0,0,"1",0,"E",24000,"P",0,0,0,0,0,0,94
35,-1,0,"1",0,"V",23100,"U",0,0,340,0,0,100,95
61,0,0,"1",0,"P",19500,"P",0,0,0,0,0,160,96
33,1,0,"1",1750,"V",24464,"O",57856,36000,600,0,0,80,97
49,1,0,"1",3500,"P",34200,"O",62464,41664,752,0,64,160,98
53,-1,0,"1",0,"E",39464,"O",6784,28928,2000,0,0,0,99
55,0,0,"1",0,"P",40500,"O",23392,48464,1040,0,0,0,100
57,0,0,"1",0,"V",28500,"O",4928,14052,672,436,0,128,101
39,-1,0,"1",0,"E",0,"O",48928,40000,612,0,0,0,102
62,-1,0,"1",0,"P",20907,"F",0,0,400,0,0,0,103
36,3,0,"yes",0,"V",127362.152771093,"O",23392,24000,340,0,0,0,104
61,-1,0,"1",0,"P",25500,"P",0,0,0,668,0,80,105
43,-1,0,"1",1500,"P",91568.9862333238,"O",48928,48000,440,140,0,0,106
21,-1,0,"1",0,"R",24000,"O",43392,4,0,0,0,0,107
66,0,0,"1",0,"P",2961,"F",0,0,300,0,0,80,108
68,0,0,"1",0,"P",14625,"P",0,0,160,272,0,0,109
25,2,0,"1",0,"P",18928,"O",10176,2464,1520,0,0,0,110
58,0,0,"1",0,"P",18000,"P",0,0,400,0,0,0,111
37,-1,0,"1",15000,"P",10500,"O",48928,4,0,0,0,0,112
62,0,0,"1",0,"P",28200,"O",6464,58000,488,0,0,0,113
57,-1,1,"1",4800,"M",495477.537736297,"O",60928,46928,1840,436,0,0,114
47,2,0,"1",2500,"E",24000,"O",64464,52000,520,0,0,0,115
58,2,0,"1",1500,"E",24000,"O",23392,10464,676,0,0,0,116
52,2,0,"1",2500,"V",32403,"O",4928,8464,536,104,0,100,117
42,-1,0,"yes",0,"P",30000,"O",45664,34464,760,800,0,0,118
66,0,0,"1",0,"P",18000,"O",64000,0,416,192,0,0,119
39,0,0,"1",0,"V",0,"U",0,0,416,0,0,0,120
17,0,0,"1",0,"R",16200,"F",0,0,160,0,0,0,121
60,-1,0,"0",0,"V",24300,"O",62000,60000,440,156,0,0,122
65,0,0,"1",0,"E",262927.738465369,"P",0,0,200,0,0,0,123
58,0,0,"1",0,"B",30900,"F",0,0,280,0,0,0,124
26,0,0,"1",0,"E",9464,"O",17856,0,0,0,0,0,125
48,3,0,"1",0,"P",141618.495215662,"O",6464,36000,352,320,0,0,126
45,2,0,"1",6250,"V",488981.176130474,"O",60928,56464,1292,0,0,0,127
54,2,0,"1",0,"V",31500,"O",54464,0,912,88,0,200,128
62,-1,0,"1",0,"E",33000,"O",14464,4,0,0,0,0,129
42,-1,0,"1",6000,"P",27000,"O",63392,20000,460,0,0,0,130
48,-1,0,"1",1800,"V",81999.9018777162,"O",43392,14464,800,0,0,0,131
46,2,1,"yes",0,"P",15464,"O",15712,28928,520,0,0,0,132
63,-1,0,"1",0,"P",18750,"O",464,0,600,0,0,0,133
63,0,0,"yes",0,"E",24000,"P",0,0,0,428,0,0,134
65,0,0,"yes",4000,"P",17700,"O",2464,64000,500,200,0,0,135
61,-1,0,"0",0,"P",16500,"F",0,0,400,80,0,0,136
59,-1,0,"1",0,"V",30000,"P",0,0,0,0,0,0,137
61,0,0,"1",0,"P",37500,"P",0,0,0,0,0,0,138
62,0,0,"1",0,"T",13800,"O",27392,4928,400,0,0,0,139
34,1,1,"1",0,"E",9464,"O",17856,16000,552,0,0,400,140
59,0,0,"1",6000,"B",30900,"O",62464,0,0,1400,0,0,141
64,0,0,"1",0,"P",18300,"P",0,0,0,0,0,0,142
44,2,0,"1",0,"P",15464,"O",59392,54464,2240,0,0,0,143
61,0,0,"1",0,"P",33000,"P",0,0,100,500,0,0,144
13,-1,0,"1",0,"R",125825.991900638,"O",6784,4,0,0,0,400,145
29,1,0,"1",0,"E",36000,"O",23392,38464,1048,0,0,0,146
55,2,0,"yes",0,"E",48928,"O",41248,48928,1960,0,0,0,147
44,0,0,"0",0,"V",30900,"O",58928,54464,840,440,0,80,148
47,2,0,"1",0,"E",0,"U",0,0,0,0,0,0,149
65,-1,0,"1",0,"P",15000,"P",0,0,0,0,0,0,150
26,-1,0,"1",0,"P",15600,"O",18464,28000,240,0,0,0,151
47,0,0,"1",0,"P",22500,"O",23392,30464,888,0,0,0,152
40,1,0,"1",14500,"V",278167.179515585,"O",12320,12464,680,0,0,80,153
36,0,0,"1",0,"V",16947,"U",0,0,0,0,464,0,154
63,-1,0,"1",5200,"P",11700,"O",22464,0,540,264,100,160,155
26,0,0,"1",0,"R",17400,"O",22464,4,0,0,464,0,156
37,-1,0,"yes",0,"V",62572.7246887982,"O",36928,8864,712,0,0,0,157
35,0,0,"1",0,"P",21000,"O",34464,0,240,0,0,0,158
64,0,0,"1",0,"V",18252,"P",0,0,0,0,0,0,159
64,-1,0,"yes",0,"P",12000,"P",0,0,0,0,0,0,160
56,1,0,"1",8050,"V",406477.499837056,"O",8928,62464,1168,0,56,0,161
56,0,0,"1",11300,"P",24000,"O",48928,58464,880,304,0,0,162
42,-1,2,"1",5040,"P",27000,"O",4928,54464,772,0,0,0,163
64,0,0,"1",0,"P",27000,"P",0,0,400,472,0,0,164
31,2,0,"yes",0,"P",31500,"O",63392,50000,728,0,0,0,165
61,1,0,"1",0,"P",31671,"O",12928,928,540,316,0,120,166
47,-1,0,"1",0,"P",18000,"U",0,0,400,0,0,0,167
56,0,0,"yes",0,"P",17700,"F",0,0,400,0,0,0,168
49,1,0,"1",9600,"P",22500,"O",43392,4928,1440,0,0,160,169
58,0,0,"1",0,"P",18000,"O",0,0,400,0,0,0,170
19,0,0,"1",0,"R",0,"O",0,0,0,0,0,0,171
51,2,0,"1",0,"P",33000,"O",46464,60000,428,132,504,0,172
69,-1,0,"1",0,"T",4329,"P",0,0,0,0,0,0,173
56,1,0,"0",0,"P",24464,"O",56928,56928,1920,0,0,1200,174
67,0,0,"1",0,"T",10500,"P",0,0,288,0,0,0,175
29,0,0,"0",0,"E",0,"O",0,0,0,0,0,0,176
64,0,0,"0",0,"P",16500,"O",26464,26464,668,96,160,0,177
52,-1,0,"1",0,"P",25500,"O",38464,0,768,0,0,0,178
48,-1,0,"1",0,"P",464,"O",23392,2464,0,0,0,0,179
62,0,0,"1",8000,"P",24000,"O",26464,0,680,0,0,0,180
67,0,0,"1",0,"T",6000,"P",0,0,0,0,0,0,181
37,1,0,"1",1300,"P",31500,"U",0,0,392,0,152,160,182
53,3,0,"1",0,"E",34500,"O",10928,14464,660,0,0,0,183
67,-1,0,"1",0,"T",0,"P",0,0,0,0,0,0,184
38,0,2,"1",0,"R",10947,"U",0,0,0,0,0,28,185
51,1,0,"1",2000,"P",36000,"O",20928,34464,720,200,0,0,186
55,-1,0,"1",0,"P",24000,"O",50464,30464,880,0,0,0,187
56,3,0,"1",0,"M",241273.335297592,"U",0,0,560,200,600,200,188
52,3,0,"1",0,"P",19500,"O",60000,4,0,0,0,0,189
65,0,0,"1",0,"P",10476,"P",0,0,240,0,80,0,190
50,-1,0,"0",0,"M",39000,"O",28928,42464,1000,240,0,0,191
19,0,0,"1",1209,"R",19761,"U",0,0,340,52,0,0,192
43,-1,0,"1",0,"P",27000,"U",0,0,360,0,0,0,193
53,2,0,"1",0,"V",39132,"O",60928,14464,760,0,0,0,194
64,0,0,"1",0,"P",9600,"P",0,0,224,0,0,0,195
53,1,0,"1",0,"P",177096.092719585,"O",24928,54464,1108,348,0,0,196
66,-1,0,"1",0,"T",5700,"P",0,0,356,0,0,0,197
41,0,0,"1",8000,"P",36000,"O",11392,6588,184,0,0,0,198
50,-1,0,"1",7000,"P",30000,"O",8928,64000,500,540,0,0,199
51,0,0,"1",0,"V",9600,"U",0,0,256,0,0,0,200
37,3,0,"1",22500,"P",1964,"O",21248,4,0,1600,0,2400,201
56,-1,0,"1",0,"P",30000,"O",42464,16464,744,188,0,0,202
27,0,0,"1",0,"R",18000,"O",0,0,0,0,0,0,203
59,0,0,"1",0,"P",31500,"O",58464,26464,640,0,0,200,204
28,0,0,"1",5200,"E",0,"O",43392,4,0,0,0,0,205
51,-1,0,"0",0,"P",354744.22772415,"O",3392,22928,1580,0,0,0,206
48,2,0,"1",4200,"P",444344.934178516,"O",43392,56000,0,0,1600,0,207
58,0,0,"1",0,"P",348457.60573633,"O",20928,0,800,0,0,280,208
29,0,0,"1",0,"V",453597.263195552,"O",0,0,0,0,0,0,209
48,2,0,"1",5500,"P",3000,"U",0,0,0,0,0,0,210
48,3,0,"1",3000,"P",22500,"F",0,0,408,240,0,0,211
52,3,0,"yes",0,"V",157791.361035779,"U",0,0,1360,480,0,160,212
62,-1,0,"1",2356,"V",27000,"U",0,0,500,100,340,60,213
64,0,0,"1",0,"V",17250,"F",0,0,336,0,0,0,214
50,-1,0,"1",9473,"V",36000,"O",60928,32464,720,0,0,0,215
30,0,0,"1",0,"P",6240,"O",0,0,0,0,0,0,216
66,0,0,"1",0,"P",14625,"P",0,0,240,92,160,0,217
65,0,0,"1",0,"P",15054,"P",0,0,0,0,0,40,218
55,2,0,"1",0,"P",230550.53123273,"O",8928,26464,800,0,356,0,219
54,1,0,"1",10000,"V",6900,"O",36928,6400,512,76,0,0,220
38,-1,0,"1",0,"V",32769,"O",2464,0,0,160,0,0,221
33,0,0,"0",0,"E",9464,"O",10176,4,0,0,0,0,222
23,-1,0,"1",0,"R",14400,"O",8928,5440,272,0,0,0,223
51,-1,0,"1",0,"P",471742.796134204,"O",4928,4,0,0,0,0,224
41,3,0,"yes",1976,"P",17940,"U",0,0,496,124,0,0,225
42,-1,0,"1",0,"V",17100,"U",0,0,352,432,0,80,226
54,-1,2,"1",0,"P",30000,"O",38464,14400,212,0,0,0,227
31,-1,0,"1",0,"P",18750,"U",0,0,0,212,0,0,228
58,-1,0,"1",0,"V",15300,"F",0,0,480,0,0,0,229
58,0,0,"1",0,"P",33600,"P",0,0,0,0,0,120,230
39,0,0,"1",0,"W",0,"O",46464,26464,0,0,0,0,231
40,0,0,"yes",0,"P",132831.755774096,"O",52320,28928,0,400,0,0,232
57,2,0,"yes",0,"V",31500,"O",48928,54464,944,0,0,0,233
40,1,0,"1",6000,"E",212132.36335665,"O",11392,56000,408,216,0,200,234
38,-1,0,"1",0,"B",54000,"O",4928,28000,324,640,0,240,235
12,0,0,"yes",0,"R",0,"U",0,0,276,0,0,0,236
64,0,0,"yes",0,"P",19500,"P",0,0,400,344,0,0,237
49,3,0,"1",0,"P",146745.263682678,"N",0,0,0,1080,0,0,238
52,-1,0,"1",0,"E",22500,"O",34464,4,0,0,0,80,239
57,-1,0,"yes",8500,"V",28200,"O",46464,18464,644,240,520,20,240
67,0,0,"1",0,"T",5580,"F",0,0,272,0,0,0,241
58,0,0,"1",0,"P",24464,"U",0,0,0,0,0,0,242
67,-1,0,"1",0,"P",12900,"P",0,0,240,0,0,0,243
56,0,0,"1",0,"P",24000,"O",64000,0,400,0,0,120,244
57,0,0,"1",0,"P",22500,"P",0,0,0,0,0,0,245
40,0,0,"1",8000,"P",15000,"O",24928,56000,416,384,0,0,246
68,-1,0,"yes",0,"T",5703,"F",0,0,400,0,0,0,247
66,-1,0,"1",0,"T",6600,"P",0,0,400,0,0,0,248
64,0,0,"1",0,"P",17739,"F",0,0,320,0,0,0,249
56,-1,0,"1",0,"P",30000,"O",8928,34464,848,0,128,96,250
59,0,0,"1",0,"P",36000,"O",52928,24928,1684,228,208,0,251
57,-1,0,"1",8200,"P",334043.367253616,"O",8320,5856,2400,580,0,0,252
52,4,0,"1",0,"P",416112.361075357,"O",57856,28928,1296,280,0,200,253
59,-1,0,"1",0,"V",13500,"O",46464,34464,0,0,0,0,254
52,-1,0,"1",11500,"W",0,"O",15392,60000,388,0,0,0,255
64,0,0,"0",7800,"V",19800,"O",30464,26464,0,0,0,0,256
45,-1,1,"yes",0,"E",18000,"U",0,0,392,0,0,0,257
60,0,0,"1",0,"B",22500,"P",0,0,320,320,0,0,258
46,2,0,"1",0,"E",170922.857485712,"O",28928,1928,1400,920,0,0,259
68,0,0,"1",0,"P",8100,"P",0,0,0,0,0,0,260
61,0,0,"0",9100,"P",38100,"O",49464,48464,600,0,0,120,261
27,-1,0,"1",3321,"P",90803.1914103776,"O",9856,28000,320,608,100,0,262
63,1,0,"1",12000,"E",3000,"O",6464,48000,440,0,208,0,263
63,0,0,"1",0,"P",12000,"P",0,0,0,0,0,0,264
67,-1,0,"1",0,"T",7500,"P",0,0,0,0,0,0,265
66,0,0,"1",0,"P",16500,"F",0,0,340,0,0,0,266
40,0,0,"0",0,"B",453226.063838229,"O",37856,34464,0,0,0,0,267
35,2,0,"1",0,"P",19500,"O",48928,4800,0,0,0,0,268
59,0,0,"1",0,"V",15300,"N",0,0,400,0,0,40,269
60,0,0,"1",0,"P",285570.906391367,"F",0,0,440,600,0,400,270
37,0,0,"yes",15000,"W",0,"O",3392,4,0,0,0,0,271
47,0,0,"0",0,"E",0,"N",0,0,0,0,0,0,272
44,2,1,"1",3000,"P",18000,"O",54464,56000,432,0,0,60,273
63,0,0,"yes",0,"V",25500,"P",0,0,0,0,0,0,274
64,-1,0,"1",0,"P",15000,"O",57856,35392,0,0,0,0,275
14,0,0,"1",0,"R",9900,"O",54464,4,0,0,0,0,276
35,2,0,"1",0,"E",30000,"O",54464,4,0,0,0,0,277
59,0,0,"1",0,"P",476073.745628819,"O",30464,2464,508,0,40,0,278
52,3,0,"1",1040,"P",31200,"O",28464,0,612,196,0,0,279
58,-1,0,"1",3600,"P",17493,"U",48928,0,0,0,0,0,280
55,0,0,"1",0,"P",18000,"U",0,0,0,1000,0,0,281
55,2,0,"1",0,"P",45000,"O",32928,928,1360,204,0,40,282
55,-1,0,"1",1100,"V",420319.322235882,"O",8928,26464,744,0,120,80,283
63,-1,0,"0",0,"T",0,"F",0,0,0,0,0,0,284
63,0,0,"1",0,"T",5538,"F",0,0,436,0,0,0,285
48,-1,0,"1",0,"V",29739,"N",0,0,0,1048,0,0,286
41,0,0,"1",12000,"P",18000,"O",18464,40000,116,1128,0,0,287
65,0,0,"yes",0,"P",13065,"P",0,0,240,0,0,0,288
11,0,0,"1",0,"R",0,"N",0,0,0,0,0,0,289
49,4,0,"1",0,"V",25484,"O",3392,8928,648,0,0,0,290
15,-1,0,"1",0,"R",27000,"O",28928,0,0,0,0,0,291
57,1,0,"1",0,"E",261455.483259633,"O",63392,8928,840,0,0,0,292
62,-1,0,"1",0,"B",30000,"P",0,0,400,0,0,0,293
64,-1,0,"0",0,"T",5862,"F",0,0,44,0,0,0,294
48,-1,0,"1",5000,"P",357568.870363757,"O",39104,4,0,0,0,0,295
37,2,0,"1",10000,"P",363285.856535658,"O",17856,42464,1480,0,0,0,296
52,0,0,"1",0,"E",0,"O",0,0,1160,0,0,0,297
66,-1,0,"1",0,"P",21600,"F",0,0,400,60,0,28,298
18,0,0,"yes",0,"R",0,"F",0,0,0,0,0,0,299
58,2,0,"1",3750,"E",24464,"U",0,0,480,0,0,200,300
62,0,0,"1",0,"V",0,"P",0,0,0,0,0,0,301
63,1,0,"0",0,"V",27000,"U",0,0,320,152,0,40,302
48,-1,0,"1",0,"V",31887,"O",18464,18464,732,80,232,0,303
67,0,0,"1",0,"T",0,"P",56928,0,0,0,0,0,304
56,-1,0,"1",9000,"P",8640,"O",36928,30464,820,0,0,0,305
39,1,0,"1",10000,"P",288125.589713454,"O",57856,60000,680,400,0,0,306
69,0,0,"1",0,"V",9000,"P",0,0,0,0,0,0,307
67,0,0,"1",0,"T",7200,"F",0,0,380,0,0,0,308
51,-1,0,"1",5250,"P",14628,"F",0,0,280,0,0,0,309
54,-1,0,"1",3300,"V",252962.290127762,"O",8928,50464,848,0,0,80,310
66,0,0,"yes",0,"V",19500,"N",0,0,0,0,0,0,311
45,-1,0,"0",0,"P",22800,"U",0,0,600,0,0,0,312
36,0,0,"1",0,"V",15600,"U",0,0,352,0,0,0,313
8,0,0,"1",10313,"R",36855,"O",48928,4,0,0,0,0,314
50,-1,0,"1",0,"P",322329.596523196,"O",3392,30464,716,808,260,0,315
63,0,0,"1",10000,"P",17160,"O",46464,46464,820,120,0,0,316
48,1,2,"1",8512,"P",26802,"U",0,0,440,0,0,0,317
57,0,0,"1",0,"P",21000,"U",0,0,60,400,0,100,318
49,2,0,"1",0,"V",222038.922309875,"O",63392,34464,816,0,0,0,319
46,2,0,"1",20000,"P",469669.165760279,"O",28928,12000,240,0,0,0,320
60,-1,0,"1",0,"P",438819.90830414,"O",52320,54464,1020,0,0,300,321
44,1,0,"yes",16000,"V",9696,"O",28928,56000,0,0,0,0,322
56,0,0,"1",0,"P",18600,"N",0,0,0,0,0,120,323
44,-1,0,"1",1600,"E",30000,"N",0,0,200,360,160,0,324
54,3,0,"1",0,"E",21000,"U",0,0,384,1040,0,0,325
32,0,0,"1",0,"E",0,"O",0,0,0,0,0,0,326
64,0,0,"1",0,"V",36000,"P",0,0,0,0,0,0,327
54,1,0,"1",0,"P",36000,"O",62464,62464,680,100,0,0,328
62,0,0,"0",0,"P",25500,"U",0,0,340,132,0,0,329
37,0,0,"1",16600,"V",16497,"O",54464,4,0,0,0,0,330
37,2,1,"1",0,"M",12464,"F",0,0,480,0,0,1000,331
65,0,0,"1",0,"V",21000,"P",0,0,0,0,0,0,332
9,-1,0,"yes",0,"R",0,"O",60000,0,0,0,0,0,333
24,0,0,"1",550,"R",304922.061040998,"O",23392,4,0,0,0,0,334
43,2,0,"1",30000,"E",37856,"O",10176,54464,0,0,0,0,335
46,2,0,"1",0,"P",6464,"O",3392,46000,400,0,0,0,336
64,-1,0,"0",0,"P",36000,"F",0,0,800,400,0,0,337
34,-1,0,"1",5500,"P",16500,"O",8928,0,0,0,0,0,338
54,2,0,"1",3000,"P",119736.124658957,"O",40464,0,1036,0,160,400,339
38,1,1,"1",0,"P",25587,"U",0,0,312,0,0,0,340
47,0,0,"1",3000,"P",16500,"U",0,0,0,192,40,0,341
69,0,0,"1",0,"M",15000,"F",0,0,0,0,0,0,342
25,-1,0,"1",0,"P",31500,"O",58464,0,0,0,0,0,343
62,-1,0,"1",0,"V",24327,"O",22464,8896,592,0,0,0,344
65,0,0,"1",0,"T",5325,"F",0,0,600,0,0,0,345
30,-1,0,"yes",40000,"R",0,"O",0,0,0,0,0,0,346
48,0,0,"1",0,"P",20220,"O",26464,34000,0,668,0,0,347
46,0,0,"1",0,"P",30000,"O",48000,12000,160,320,0,0,348
66,-1,0,"1",0,"P",16200,"P",0,0,0,228,0,0,349
68,0,0,"1",0,"T",6900,"P",0,0,0,0,0,0,350
61,0,0,"1",13000,"P",0,"O",28928,4,0,0,0,0,351
32,-1,0,"1",0,"P",35847,"U",0,0,300,0,444,0,352
64,0,0,"0",0,"P",19500,"U",0,0,240,208,80,0,353
61,-1,0,"yes",0,"P",26265,"P",0,0,0,0,480,40,354
38,0,0,"0",0,"P",0,"N",6784,0,0,0,0,0,355
32,-1,0,"1",3000,"P",18464,"O",27392,52000,376,580,0,160,356
67,0,0,"1",0,"T",0,"P",0,0,0,0,0,0,357
58,0,0,"1",0,"P",34956,"O",22464,64000,428,320,0,240,358
60,0,0,"1",0,"B",34500,"F",0,0,560,0,0,0,359
35,-1,0,"1",0,"B",31200,"U",0,0,88,260,0,0,360
38,-1,0,"1",0,"P",36000,"O",63392,30464,680,948,0,0,361
64,0,0,"1",0,"P",19200,"P",0,0,0,320,0,0,362
30,-1,0,"0",0,"P",34500,"U",0,0,0,472,0,0,363
37,-1,2,"1",0,"P",37440,"U",0,0,0,0,532,0,364
32,1,0,"1",0,"R",0,"F",0,0,0,0,0,0,365
57,0,0,"1",0,"V",73827.7322519571,"O",34464,8464,600,200,0,200,366
21,1,0,"0",0,"R",0,"U",0,0,0,0,0,0,367
59,1,0,"1",0,"B",17700,"U",0,0,320,0,0,32,368
21,-1,0,"yes",0,"R",0,"O",62464,4,0,0,0,0,369
62,0,0,"1",0,"P",24600,"O",46464,14464,624,0,224,0,370
59,0,0,"1",0,"V",24300,"O",6464,49000,0,0,0,0,371
47,2,0,"1",0,"B",21000,"O",36928,52000,376,0,0,0,372
63,0,0,"1",5500,"V",30000,"U",0,0,0,300,80,80,373
48,0,0,"0",2000,"P",24000,"O",24928,59796,504,0,0,0,374
33,-1,0,"1",0,"R",30000,"O",8928,4,0,0,0,0,375
48,1,0,"1",0,"P",6464,"O",56928,8928,1480,1000,728,100,376
48,-1,0,"1",9500,"P",9464,"O",63392,54464,1400,0,0,0,377
46,-1,0,"yes",10800,"P",20250,"U",0,0,0,0,0,0,378
42,0,0,"1",0,"V",34947,"O",62464,0,600,100,48,0,379
55,1,0,"0",0,"P",12464,"N",0,0,0,0,0,0,380
50,0,0,"1",4000,"E",15000,"O",48928,64000,1000,0,0,0,381
37,3,0,"1",0,"V",154327.3872789,"O",64464,28464,888,0,52,0,382
68,0,0,"1",0,"P",9000,"P",0,0,0,0,0,0,383
26,-1,0,"1",0,"E",15928,"O",37856,4,0,0,0,0,384
38,3,0,"1",0,"P",36000,"O",54464,26000,320,0,0,0,385
45,0,0,"1",4000,"E",30000,"U",0,0,476,400,0,0,386
58,0,0,"1",0,"P",22500,"P",0,0,800,0,0,0,387
62,0,0,"1",4056,"P",27000,"O",26464,1396,492,0,0,0,388
55,-1,0,"1",0,"P",39000,"O",40928,24928,1152,0,0,0,389
36,2,0,"1",0,"V",0,"O",30464,7200,224,0,0,0,390
65,1,0,"0",6858,"W",0,"F",0,0,352,0,0,80,391
44,-1,0,"1",0,"P",422137.66863104,"O",17856,60000,400,0,0,400,392
53,-1,0,"1",10200,"P",33000,"O",17856,30464,800,0,0,0,393
51,-1,0,"1",20000,"P",12600,"O",28928,34464,720,0,0,0,394
58,0,0,"1",0,"V",25653,"P",0,0,0,220,0,0,395
63,0,0,"1",0,"V",20400,"P",0,0,200,0,0,300,396
69,-1,0,"1",0,"P",12162,"P",0,0,200,0,0,0,397
44,2,0,"1",15000,"P",9000,"O",53392,30464,680,0,0,0,398
50,2,0,"1",2671,"V",31260,"O",48928,2464,496,0,0,0,399
48,1,0,"1",0,"V",38511,"O",48464,2464,500,0,0,100,400
62,1,0,"1",1440,"P",21000,"U",0,0,444,76,116,0,401
51,2,0,"1",0,"P",15180,"P",0,0,0,0,0,0,402
59,0,0,"1",0,"V",22200,"F",0,0,0,0,0,0,403
68,0,0,"1",0,"T",0,"N",0,0,132,0,0,0,404
65,-1,0,"1",0,"P",15000,"P",0,0,0,0,0,0,405
62,-1,0,"1",10000,"P",15000,"O",34464,2464,548,0,0,0,406
49,1,0,"0",0,"P",10500,"O",10464,36000,348,0,0,0,407
16,-1,0,"1",0,"R",0,"O",0,0,0,0,0,0,408
32,-1,0,"1",6000,"P",30000,"O",27392,10000,100,720,0,200,409
52,0,0,"1",0,"P",14040,"P",0,0,0,120,0,40,410
63,-1,0,"1",0,"V",20250,"O",6464,60000,436,0,0,0,411
25,0,0,"yes",0,"R",0,"O",54464,4,0,0,0,0,412
62,-1,0,"1",0,"P",26520,"P",0,0,0,0,72,0,413
65,0,0,"0",0,"V",9276,"N",0,0,96,0,0,0,414
16,-1,0,"1",0,"R",0,"O",2928,4,0,0,0,0,415
66,-1,0,"0",0,"P",26571,"N",0,0,0,0,0,0,416
48,2,0,"1",0,"P",9464,"O",17856,2464,0,0,0,0,417
33,-1,0,"1",1500,"B",464,"O",3392,56000,448,400,0,0,418
49,0,0,"0",0,"P",16500,"P",0,0,0,0,0,0,419
63,0,0,"1",0,"P",24000,"O",10464,0,740,0,0,0,420
62,0,0,"0",4700,"P",15000,"O",48000,0,320,328,0,0,421
57,1,0,"1",0,"W",0,"O",0,0,0,0,0,0,422
60,-1,0,"1",0,"P",13284,"N",0,0,0,188,0,0,423
19,-1,0,"1",0,"R",6846,"N",0,0,0,0,0,0,424
33,-1,0,"1",9000,"P",13434,"O",42464,56000,240,0,0,80,425
44,-1,0,"yes",0,"P",15000,"O",43392,4,0,0,0,0,426
59,-1,1,"0",0,"P",35460,"O",12928,62464,900,0,0,44,427
57,0,0,"1",0,"M",33000,"P",0,0,520,0,0,0,428
68,-1,0,"1",0,"T",0,"P",0,0,0,0,0,0,429
65,0,0,"yes",0,"P",21000,"P",0,0,0,800,0,0,430
51,2,0,"1",0,"P",21000,"O",50464,0,0,0,0,40,431
50,2,0,"yes",7518,"P",27000,"O",54464,54800,384,0,160,0,432
47,-1,0,"1",0,"P",33000,"O",18464,32000,276,0,316,292,433
34,-1,0,"0",0,"V",24900,"O",63392,4,0,280,0,0,434
65,-1,0,"yes",0,"T",0,"F",0,0,0,0,0,0,435
30,0,0,"1",0,"E",9464,"O",0,0,0,0,0,0,436
45,1,0,"1",8000,"E",24000,"O",32320,0,0,0,0,0,437
65,0,0,"1",0,"P",20100,"P",0,0,0,256,0,0,438
55,2,0,"1",17000,"W",0,"O",10176,54464,0,0,0,0,439
54,0,0,"1",6700,"P",46500,"O",58464,2464,480,0,0,0,440
48,-1,1,"1",0,"W",0,"O",35392,4928,0,0,0,0,441
43,1,0,"1",0,"W",0,"O",10176,0,0,0,0,0,442
60,0,0,"1",0,"V",15390,"P",0,0,0,0,0,0,443
56,-1,0,"1",0,"P",10500,"F",34464,0,0,0,0,0,444
24,0,0,"1",0,"E",30000,"O",44928,0,0,0,0,0,445
56,0,0,"1",0,"P",21000,"U",0,0,160,228,0,0,446
67,0,0,"1",0,"T",0,"P",0,0,0,0,0,0,447
61,-1,0,"yes",0,"T",0,"P",0,0,0,0,0,0,448
55,-1,0,"1",17446,"W",0,"F",0,0,0,0,0,0,449
63,-1,0,"0",0,"U",0,"F",0,0,0,0,0,0,450
51,2,0,"1",2000,"V",39000,"O",62464,18464,660,416,0,0,451
56,-1,0,"1",0,"P",33000,"U",0,0,120,280,0,0,452
68,0,0,"1",0,"V",17739,"P",0,0,0,0,0,0,453
32,0,1,"1",2152,"B",36969,"F",0,0,464,184,0,0,454
50,-1,0,"1",7000,"V",36000,"O",3392,40000,400,0,0,0,455
63,0,0,"yes",6000,"M",24600,"O",34464,0,608,460,0,0,456
53,1,0,"yes",0,"P",21135,"U",0,0,200,0,0,0,457
47,0,0,"1",19500,"P",13500,"O",27392,16928,0,0,0,280,458
54,2,0,"1",6984,"P",22500,"O",46464,2464,492,180,80,160,459
65,0,0,"0",0,"V",17100,"N",0,0,240,0,0,0,460
46,-1,0,"1",0,"V",9768,"P",0,0,0,0,0,120,461
61,-1,0,"1",6420,"P",19200,"N",0,0,0,392,0,0,462
52,-1,0,"1",0,"V",12048,"O",18928,7696,92,248,0,0,463
23,0,0,"1",0,"P",22500,"O",34464,4,0,0,0,0,464
67,0,0,"1",0,"T",0,"N",0,0,0,0,0,0,465
61,0,0,"1",2400,"P",21900,"O",8464,8464,532,0,0,0,466
26,-1,0,"yes",0,"R",6885,"O",34464,4,0,0,0,0,467
62,1,0,"1",9000,"P",42000,"O",54464,0,800,0,0,0,468
56,1,0,"yes",14226,"V",28797,"O",4928,46464,776,0,0,0,469
61,0,0,"1",13000,"V",97430.7871051133,"O",54464,34464,720,0,80,0,470
51,0,0,"1",2230,"E",24464,"P",28928,0,0,0,928,0,471
59,-1,0,"yes",2000,"E",24000,"U",0,0,160,0,0,0,472
66,-1,0,"yes",0,"P",28800,"P",0,0,0,0,0,240,473
50,2,0,"1",3000,"P",19500,"O",8928,0,784,0,120,24,474
67,0,0,"1",0,"M",14400,"N",0,0,0,0,0,0,475
65,0,0,"1",0,"P",21000,"P",0,0,320,0,0,40,476
17,0,0,"1",0,"R",18000,"O",17856,4,0,0,0,0,477
50,2,0,"1",0,"P",21000,"U",0,0,484,0,128,0,478
57,0,0,"1",0,"V",36600,"O",928,54464,1200,0,0,0,479
54,0,0,"1",0,"V",33000,"F",0,0,200,0,0,0,480
42,-1,0,"1",10000,"P",34800,"O",46464,20000,540,0,0,200,481
43,0,0,"1",0,"P",15858,"N",0,0,0,0,0,96,482
29,0,0,"1",13000,"V",12000,"O",23392,16000,0,0,0,0,483
11,-1,0,"1",0,"R",15000,"O",28464,4,0,0,0,0,484
61,1,0,"1",0,"E",0,"P",0,0,0,0,0,0,485
67,0,0,"1",0,"P",7290,"P",0,0,0,0,0,0,486
21,0,0,"1",0,"R",0,"O",8928,4,0,140,0,0,487
67,0,0,"1",0,"P",19911,"P",0,0,0,276,0,0,488
38,1,0,"1",5000,"P",18000,"U",0,0,400,440,0,0,489
35,0,0,"1",0,"P",28152,"O",62464,36000,360,224,240,20,490
64,0,0,"1",0,"P",24192,"O",34464,0,684,0,204,0,491
62,0,0,"1",0,"P",31812,"P",0,0,200,0,0,240,492
63,0,0,"1",0,"P",27000,"F",0,0,0,0,0,0,493
37,1,0,"1",2600,"P",13500,"O",37856,4,0,0,0,0,494
32,-1,0,"1",0,"Z",0,"U",0,0,0,0,400,0,495
64,0,0,"1",0,"T",0,"P",0,0,0,0,0,0,496
36,0,0,"yes",0,"W",0,"O",17856,4,0,0,0,0,497
16,-1,0,"0",0,"R",0,"N",0,0,0,0,0,0,498
40,2,0,"1",0,"E",30000,"O",0,0,0,0,0,0,499
28,0,0,"1",0,"E",33000,"O",28928,38464,1268,600,0,0,500
29,0,0,"1",0,"V",324495.171615854,"O",28928,4000,92,0,0,0,501
63,-1,0,"yes",0,"P",23700,"P",0,0,0,320,0,200,502
43,3,0,"1",6500,"P",28500,"U",0,0,720,380,0,0,503
24,-1,0,"1",0,"V",3884,"O",37856,4,0,0,0,0,504
48,-1,1,"1",2000,"V",96230.8673374355,"O",36928,22464,800,0,0,0,505
10,-1,0,"1",0,"R",20250,"O",17856,4,0,0,0,0,506
28,0,0,"1",0,"P",27000,"O",23392,0,0,0,0,320,507
46,3,0,"1",0,"P",30464,"O",36928,34464,852,560,52,0,508
22,-1,0,"1",5000,"R",9000,"O",8928,0,0,0,0,0,509
50,-1,0,"1",0,"E",15600,"O",20928,32000,320,0,0,0,510
53,-1,0,"1",0,"P",226030.526980758,"O",12928,26464,880,0,0,200,511
63,0,0,"1",0,"P",24000,"P",0,0,0,0,0,0,512
15,0,0,"1",0,"R",15000,"O",48928,4,0,0,0,0,513
63,0,0,"1",0,"P",30000,"P",0,0,0,580,0,0,514
46,1,0,"1",3000,"E",30000,"O",3392,62464,1200,0,0,100,515
43,0,0,"1",0,"V",9360,"F",0,0,408,0,0,0,516
68,-1,0,"1",0,"P",0,"P",0,0,0,0,0,60,517
46,-1,0,"1",0,"P",404322.636486031,"O",63392,54464,824,0,0,200,518
50,1,0,"1",0,"V",116016.283780336,"O",37856,54464,1088,0,0,0,519
44,3,0,"1",0,"V",172165.467422456,"O",12928,56000,308,476,0,56,520
34,-1,0,"1",2000,"V",36000,"U",0,0,96,200,0,0,521
44,-1,0,"yes",17800,"P",30000,"O",37856,34464,688,0,0,0,522
60,-1,0,"1",0,"V",37800,"F",0,0,520,400,0,40,523
59,-1,0,"1",0,"P",142473.557223566,"O",8928,54464,1176,0,364,0,524
61,0,0,"1",0,"P",18900,"N",0,0,0,200,0,0,525
68,0,0,"1",0,"P",13500,"P",0,0,0,0,0,92,526
25,0,0,"1",0,"P",186509.765791707,"O",43392,4,0,0,1464,0,527
68,-1,0,"1",0,"P",8112,"P",0,0,0,0,0,0,528
56,0,0,"1",0,"P",15600,"F",0,0,480,0,0,0,529
24,0,0,"yes",0,"Z",13500,"O",8928,4,0,0,0,0,530
41,-1,0,"1",2500,"P",16113,"U",0,0,640,552,0,0,531
65,0,0,"1",0,"P",25500,"F",0,0,480,0,0,0,532
42,0,0,"0",0,"P",12000,"P",0,0,0,0,0,0,533
61,0,0,"1",0,"P",27540,"O",50464,0,984,0,160,0,534
39,-1,0,"yes",15000,"W",0,"O",43392,4,0,0,0,80,535
26,0,0,"1",0,"R",10500,"U",0,0,368,0,0,0,536
64,0,0,"1",0,"V",30870,"P",0,0,0,0,0,0,537
31,-1,0,"1",0,"V",347179.919295013,"O",14464,0,0,0,0,0,538
60,2,0,"1",10000,"V",18264,"O",14464,0,348,0,340,0,539
66,0,0,"1",0,"P",13500,"P",0,0,320,0,0,0,540
9,0,0,"1",0,"R",0,"O",0,0,0,0,0,0,541
67,-1,0,"1",0,"T",0,"P",0,0,0,0,0,0,542
28,0,0,"1",0,"P",14400,"O",62464,0,0,0,0,0,543
11,0,0,"1",2910,"R",20700,"O",46464,4,0,0,448,0,544
47,1,0,"1",0,"P",27000,"U",0,0,576,388,0,0,545
63,0,0,"1",0,"V",23460,"F",0,0,800,200,0,0,546
65,0,0,"1",0,"V",16500,"P",0,0,0,0,0,0,547
55,2,0,"yes",4320,"P",21600,"O",46464,46464,744,440,0,0,548
41,-1,0,"1",0,"V",37620,"O",928,33988,0,420,0,160,549
62,0,0,"0",0,"V",18033,"O",54000,38000,296,0,56,80,550
62,0,0,"0",0,"V",24327,"P",0,0,280,148,0,40,551
35,-1,0,"1",2000,"P",27000,"U",0,0,400,0,120,0,552
62,0,0,"1",0,"V",32769,"O",25464,22064,640,0,0,0,553
67,0,0,"1",0,"P",12300,"P",0,0,0,0,0,0,554
60,0,0,"1",8500,"V",40800,"O",2928,53264,960,0,0,0,555
58,1,0,"0",14000,"N",9000,"O",8928,0,0,0,0,0,556
27,-1,0,"1",768,"R",0,"F",0,0,184,0,0,0,557
42,1,0,"1",0,"E",25500,"O",54464,57600,424,0,0,0,558
30,0,0,"1",2800,"E",14400,"O",64000,32800,268,0,0,0,559
58,0,0,"1",0,"P",27000,"P",0,0,0,232,0,0,560
38,3,0,"1",15000,"P",5760,"O",63392,34464,744,0,0,0,561
63,-1,0,"1",0,"V",19500,"F",0,0,0,0,0,0,562
60,-1,0,"1",0,"P",24000,"O",42464,24464,800,0,440,0,563
33,-1,0,"1",14000,"V",88031.0110002756,"O",14464,0,0,0,0,0,564
32,0,0,"1",0,"R",16200,"P",0,0,0,0,0,0,565
67,0,0,"1",0,"P",19347,"P",0,0,0,0,0,0,566
68,0,0,"1",0,"T",5400,"P",0,0,0,0,0,0,567
61,0,0,"1",8200,"P",36000,"O",38464,26464,704,0,548,0,568
54,-1,0,"1",0,"P",222223.548227921,"O",1392,14464,800,420,0,200,569
40,-1,0,"1",0,"V",9014,"O",9856,14464,0,0,0,0,570
47,2,0,"yes",0,"P",19500,"U",0,0,0,0,0,0,571
45,-1,0,"1",0,"V",219389.65250738,"O",3392,24928,1388,500,0,0,572
18,-1,0,"1",0,"E",27000,"O",21248,28000,240,0,0,0,573
62,0,0,"0",0,"P",22500,"F",0,0,120,0,0,0,574
66,-1,0,"0",0,"T",0,"N",0,0,320,0,0,0,575
50,2,0,"1",2200,"V",427924.09632355,"O",8928,7264,492,316,0,40,576
27,0,0,"1",0,"R",0,"O",23392,4,0,200,0,0,577
64,-1,0,"1",0,"P",22500,"N",0,0,320,400,0,0,578
60,0,0,"0",0,"V",20100,"P",0,0,480,216,0,0,579
59,-1,0,"1",0,"V",30699,"P",0,0,0,0,0,0,580
48,-1,1,"1",0,"P",14864,"O",23392,26464,528,0,0,0,581
30,-1,0,"1",0,"V",12000,"U",0,0,0,0,0,0,582
46,-1,0,"1",0,"B",36464,"O",63392,34464,960,0,0,1200,583
60,0,0,"0",0,"U",14400,"P",0,0,160,0,0,0,584
62,0,0,"yes",0,"P",15000,"P",0,0,0,0,0,0,585
68,-1,0,"1",0,"T",0,"P",0,0,0,0,0,0,586
29,-1,0,"1",2488,"P",31500,"O",28928,16000,320,500,0,80,587
42,0,0,"1",0,"E",30000,"O",43392,22464,800,372,0,0,588
49,-1,0,"1",0,"W",15660,"O",18464,40000,340,0,0,0,589
46,-1,0,"1",2800,"P",61500,"O",48928,40000,320,0,0,400,590
54,-1,0,"yes",0,"E",94665.7425584272,"U",0,0,408,0,0,0,591
65,0,0,"0",0,"V",18000,"U",0,0,288,0,0,0,592
38,0,0,"1",0,"P",27000,"U",0,0,0,0,0,0,593
64,0,0,"1",0,"V",36000,"P",0,0,0,0,0,0,594
60,0,0,"1",0,"B",25500,"F",0,0,520,0,0,0,595
58,0,0,"1",5600,"P",36600,"O",62464,33264,760,120,0,0,596
67,-1,0,"1",0,"V",12537,"P",0,0,400,0,0,0,597
35,-1,0,"1",7367,"P",18087,"U",0,0,0,0,0,0,598
65,0,0,"1",0,"V",26400,"F",0,0,320,0,0,0,599
49,-1,0,"1",1500,"P",30000,"O",43392,14464,0,0,0,0,600
63,-1,0,"1",0,"P",21000,"P",0,0,640,0,0,0,601
11,-1,0,"1",0,"R",0,"O",12928,4,0,0,0,0,602
42,0,0,"1",0,"V",19092,"O",0,0,0,216,0,0,603
29,-1,0,"1",11649,"P",322846.171930432,"O",28928,26000,820,300,0,0,604
69,0,0,"1",0,"T",0,"P",0,0,0,0,0,0,605
54,3,0,"1",0,"E",37856,"O",28032,4,0,0,0,0,606
18,-1,0,"1",2461,"R",16131,"O",46464,4,0,0,0,0,607
57,1,1,"yes",0,"P",27000,"U",0,0,520,0,0,0,608
49,0,0,"1",0,"V",478942.649429664,"O",54464,10464,640,0,0,0,609
18,-1,0,"1",0,"R",0,"O",17856,0,0,0,0,0,610
46,-1,0,"1",0,"E",486308.233905584,"O",54464,24000,340,0,0,0,611
62,-1,0,"1",0,"E",9360,"O",0,0,0,0,0,0,612
64,0,0,"1",0,"P",0,"P",0,0,0,0,0,0,613
27,-1,0,"1",0,"P",20700,"O",46464,11000,192,236,0,0,614
41,2,0,"yes",3000,"P",31500,"O",8928,34000,240,0,0,0,615
55,-1,0,"yes",0,"V",431929.213861004,"O",2928,34464,684,0,328,300,616
40,0,0,"1",30000,"W",0,"O",32320,54464,0,0,0,0,617
37,0,0,"1",0,"P",54464,"O",6784,4,0,0,0,0,618
30,0,0,"yes",0,"P",30000,"O",34464,4,0,0,52,0,619
66,-1,0,"1",0,"T",0,"P",0,0,0,0,0,0,620
64,0,0,"1",0,"B",19290,"P",0,0,0,0,32,0,621
58,-1,0,"1",0,"W",0,"U",0,0,0,0,0,0,622
30,-1,0,"1",300,"P",27000,"O",13568,20000,200,0,0,240,623
67,0,0,"1",0,"P",6024,"P",16000,6000,0,0,0,0,624
40,-1,0,"1",5227,"P",11733,"U",0,0,280,184,76,0,625
22,-1,0,"1",2200,"E",180010.543782264,"O",56928,36,0,0,0,0,626
63,0,0,"1",0,"P",14820,"P",0,0,320,140,0,0,627
69,0,0,"1",0,"P",15000,"P",0,0,0,0,0,40,628
29,0,0,"1",0,"V",15000,"O",61248,54464,0,0,0,0,629
35,0,0,"1",0,"E",18000,"P",0,0,0,0,0,0,630
56,2,1,"1",0,"E",36000,"O",28464,2464,588,108,0,0,631
46,-1,0,"1",5000,"W",5850,"U",0,0,0,0,0,0,632
64,0,0,"yes",0,"E",0,"P",0,0,0,0,400,0,633
41,1,0,"yes",4000,"P",33000,"U",0,0,552,280,0,160,634
55,-1,0,"1",0,"P",145023.280503228,"F",0,0,0,0,0,0,635
51,-1,0,"1",0,"P",331812.838548794,"O",32320,48928,1600,0,0,0,636
68,0,0,"1",0,"P",7200,"P",0,0,80,0,0,0,637
53,0,0,"1",14700,"V",247959.369039163,"O",8928,34464,704,624,0,0,638
69,-1,0,"1",0,"P",7488,"P",0,0,0,0,0,0,639
63,-1,0,"1",0,"V",18000,"P",0,0,0,0,0,0,640
52,-1,0,"1",15000,"P",30000,"O",23392,26464,664,0,0,80,641
52,0,0,"1",7000,"P",39000,"O",57856,4928,1000,560,360,180,642
59,-1,0,"0",0,"M",30000,"O",60464,0,480,428,0,0,643
34,0,0,"1",9000,"P",24000,"U",0,0,468,400,0,0,644
58,0,0,"1",9600,"W",0,"O",46464,12464,604,0,0,0,645
68,0,0,"1",0,"V",15900,"P",0,0,0,0,0,0,646
42,0,1,"1",12000,"M",7964,"U",0,0,800,0,0,0,647
51,3,0,"1",0,"P",179715.347224846,"O",12320,4928,1108,0,0,0,648
38,0,0,"1",5600,"V",422447.220031172,"O",20928,4,0,0,0,0,649
66,-1,0,"1",0,"P",22200,"F",0,0,352,0,0,0,650
53,0,1,"1",0,"P",9464,"O",57856,54464,1000,0,0,0,651
14,0,0,"1",0,"R",0,"U",0,0,584,0,0,0,652
56,0,0,"1",0,"V",33000,"P",0,0,0,920,0,0,653
55,2,0,"1",0,"V",31500,"O",60928,54464,960,0,0,0,654
18,0,0,"0",0,"R",0,"O",14464,4,0,0,0,0,655
62,0,0,"1",0,"P",21000,"P",0,0,0,0,0,0,656
8,-1,0,"1",0,"R",0,"U",0,0,0,0,0,0,657
60,0,0,"yes",0,"T",0,"P",0,0,0,0,0,0,658
61,2,0,"1",0,"P",16500,"N",0,0,0,0,0,0,659
66,0,0,"1",0,"T",6000,"P",0,0,160,0,0,0,660
18,0,0,"1",2000,"R",24000,"O",3392,0,0,0,0,0,661
62,-1,0,"yes",0,"P",19500,"F",0,0,388,0,0,0,662
64,0,0,"0",0,"P",20100,"F",0,0,480,0,0,0,663
40,2,0,"yes",0,"V",167232.073307969,"O",17856,48000,368,0,0,0,664
65,0,0,"1",0,"T",5538,"P",0,0,400,0,0,0,665
66,0,0,"0",0,"P",13800,"F",0,0,272,0,0,32,666
61,0,0,"1",0,"P",33000,"O",38464,24064,764,0,0,60,667
42,1,0,"1",7000,"E",9000,"O",20928,22464,880,0,0,0,668
28,0,0,"yes",0,"R",0,"N",0,0,0,0,0,0,669
56,0,0,"1",0,"P",24900,"U",0,0,0,0,552,0,670
55,0,0,"1",0,"P",29700,"F",0,0,260,0,0,0,671
22,0,0,"1",0,"R",45000,"O",3392,9600,1240,0,0,160,672
41,1,0,"yes",0,"E",0,"U",0,0,368,0,0,0,673
51,2,0,"1",2000,"P",24000,"O",8928,40000,368,200,0,0,674
55,-1,0,"1",0,"E",9464,"O",63392,23392,1400,0,0,0,675
37,0,1,"1",0,"M",13964,"O",40928,28928,1520,656,0,0,676
42,0,0,"1",1230,"P",39000,"O",54464,40000,0,0,0,0,677
62,0,0,"1",8725,"V",27969,"O",26464,21864,688,320,0,260,678
61,0,0,"1",2000,"P",432174.442429096,"O",62464,46464,840,0,580,0,679
43,3,0,"1",1872,"P",21000,"U",0,0,388,0,100,0,680
58,2,0,"1",0,"B",256918.308241293,"O",17856,52464,800,0,0,0,681
42,3,0,"1",1680,"B",24000,"O",3392,46000,292,0,0,0,682
66,0,0,"1",0,"E",0,"P",0,0,0,0,0,0,683
60,0,0,"0",0,"V",19323,"N",0,0,0,0,0,0,684
62,0,0,"1",0,"P",15000,"P",0,0,340,0,0,0,685
56,0,0,"1",0,"E",18000,"P",0,0,0,0,0,0,686
41,2,0,"1",0,"P",27000,"U",0,0,580,100,56,0,687
63,0,0,"yes",0,"E",15000,"P",0,0,240,0,0,200,688
66,0,0,"1",0,"P",17010,"P",0,0,0,0,0,120,689
64,0,0,"1",0,"P",24300,"P",0,0,200,160,0,0,690
52,0,0,"1",11500,"V",36000,"O",60464,60464,0,480,776,0,691
43,-1,0,"1",0,"P",305660.33359617,"O",48928,44000,320,620,0,320,692
10,1,0,"1",0,"R",22500,"O",6928,4,0,0,0,0,693
67,0,0,"1",0,"P",13800,"P",0,0,480,116,0,0,694
61,-1,0,"1",0,"P",19500,"P",0,0,400,0,0,0,695
59,0,0,"1",0,"P",9464,"F",0,0,0,0,0,0,696
52,2,0,"1",1000,"P",9464,"O",16960,54464,1200,0,0,0,697
57,-1,0,"1",0,"W",0,"O",32928,0,0,0,0,0,698
3,0,0,"1",0,"R",0,"O",28928,4,0,0,0,0,699
57,1,0,"1",0,"P",16200,"O",2992,14928,0,0,0,0,700
23,-1,0,"1",0,"P",432218.761369586,"N",0,0,0,0,0,0,701
62,2,0,"1",0,"E",20160,"O",34464,32464,720,0,0,0,702
67,0,0,"1",0,"T",5400,"P",0,0,0,0,0,0,703
58,0,0,"1",10300,"P",274788.448698819,"O",63392,18464,560,560,0,0,704
27,0,0,"1",10192,"W",0,"O",8928,4,0,0,0,0,705
57,1,0,"0",4500,"P",22500,"U",0,0,320,56,0,0,706
56,2,0,"1",0,"P",54000,"O",22464,54800,500,0,0,120,707
60,-1,0,"1",0,"P",30000,"P",0,0,0,800,0,0,708
63,0,0,"yes",0,"P",31500,"O",44464,39464,840,0,0,0,709
63,0,0,"1",0,"V",20043,"F",0,0,400,0,0,0,710
15,0,0,"1",0,"R",39000,"O",48928,4,0,0,0,0,711
69,-1,0,"1",0,"T",0,"P",0,0,0,0,0,0,712
52,-1,0,"1",0,"P",251464.703464881,"O",30464,0,540,200,0,0,713
64,-1,0,"1",0,"V",19818,"F",0,0,280,0,0,0,714
50,0,0,"1",0,"V",15588,"O",0,0,0,0,0,0,715
42,1,0,"yes",20000,"W",0,"N",0,0,0,0,0,0,716
49,-1,0,"1",2300,"E",36000,"O",8928,48000,348,680,0,0,717
63,-1,0,"1",0,"U",0,"P",0,0,0,0,0,0,718
62,2,0,"0",8500,"V",24000,"U",0,0,380,0,0,0,719
63,-1,0,"1",7000,"E",36000,"O",22464,2464,320,0,0,0,720
63,0,0,"yes",0,"P",20100,"P",0,0,400,0,0,0,721
12,-1,0,"1",0,"R",0,"O",54464,4,0,0,0,0,722
47,0,0,"1",0,"P",12464,"O",17856,44000,364,1040,0,0,723
48,-1,0,"yes",0,"P",9464,"F",0,0,1000,0,0,0,724
19,0,1,"1",0,"R",0,"O",0,0,0,0,0,0,725
59,0,0,"1",13000,"P",25500,"O",30464,0,680,0,0,400,726
24,0,0,"1",0,"V",10311,"U",0,0,448,0,0,0,727
65,-1,0,"1",0,"P",18000,"F",0,0,0,0,0,800,728
47,0,0,"yes",0,"V",14976,"O",0,0,0,320,0,0,729
67,0,0,"1",0,"P",12000,"P",0,0,160,200,0,0,730
34,0,0,"1",0,"P",0,"O",4464,0,180,0,0,0,731
60,0,0,"1",6500,"V",24000,"O",0,0,468,240,0,0,732
40,-1,0,"1",0,"E",37440,"O",54464,34464,760,436,312,0,733
69,0,0,"1",0,"T",5400,"P",0,0,0,0,0,0,734
18,0,0,"1",0,"R",0,"U",0,0,192,0,0,0,735
51,-1,0,"1",2000,"P",30000,"O",8928,38464,740,160,120,20,736
59,0,0,"1",0,"P",18300,"O",22464,22464,568,0,0,0,737
62,0,0,"1",0,"P",30000,"P",0,0,0,0,0,0,738
36,0,0,"1",0,"V",314553.021914326,"O",12320,0,1760,372,76,280,739
67,0,0,"1",0,"P",18756,"F",0,0,440,0,0,0,740
64,-1,0,"1",0,"V",22500,"F",0,0,480,0,0,0,741
53,-1,0,"1",10000,"P",13500,"O",54464,26464,640,700,0,0,742
31,0,0,"1",0,"V",0,"P",0,0,0,0,0,0,743
39,-1,0,"1",0,"V",23232,"U",0,0,412,0,0,0,744
47,2,0,"0",3000,"P",404151.978660375,"O",14464,26000,244,0,200,0,745
64,0,0,"0",0,"P",21000,"F",0,0,424,0,0,0,746
19,0,0,"1",0,"R",0,"U",0,0,68,0,0,0,747
41,5,0,"1",0,"N",62360.3568412364,"O",0,0,0,0,0,0,748
99,2,0,"1",11070,"P",36000,"O",35392,28928,1576,0,0,1600,749
30,-1,0,"1",0,"P",13800,"O",17856,0,0,0,0,0,750
54,-1,0,"1",0,"W",0,"U",0,0,0,0,0,0,751
58,0,0,"1",0,"V",25800,"F",0,0,0,0,1196,0,752
59,0,0,"yes",17000,"V",21000,"O",28928,0,0,0,0,0,753
52,0,0,"1",0,"P",28575,"O",48464,0,800,0,0,200,754
59,0,0,"yes",0,"P",25350,"P",0,0,0,0,0,0,755
41,2,0,"1",20000,"V",18000,"O",63392,62000,440,620,0,0,756
39,-1,0,"1",2000,"P",54000,"O",37856,40000,480,0,0,0,757
18,0,0,"0",0,"R",8742,"U",0,0,380,0,0,120,758
57,2,0,"1",23000,"W",0,"O",3392,28928,0,0,0,0,759
43,1,1,"1",0,"V",67991.777267307,"O",23392,4,0,440,120,0,760
50,2,0,"1",0,"E",36000,"O",48928,0,0,0,0,0,761
33,-1,0,"1",0,"R",18000,"U",0,0,248,0,0,0,762
67,0,0,"1",0,"P",12516,"P",0,0,0,0,0,0,763
69,0,0,"0",0,"P",13500,"O",38464,4,0,0,0,0,764
62,1,0,"1",0,"V",36600,"U",28928,0,0,428,80,80,765
42,2,0,"1",0,"E",0,"U",0,0,0,0,0,0,766
68,0,0,"0",0,"T",0,"P",0,0,0,0,0,0,767
31,0,0,"1",2704,"P",18204,"U",0,0,424,0,408,0,768
48,0,0,"yes",0,"P",35271,"O",54464,52000,380,0,0,0,769
51,0,0,"1",0,"M",118133.665136993,"O",51392,28928,1888,0,0,0,770
60,-1,0,"1",4500,"W",0,"O",8928,59200,600,80,0,0,771
26,-1,0,"1",10000,"W",0,"O",21856,4,0,0,0,0,772
33,0,0,"1",0,"P",15990,"U",0,0,0,0,0,0,773
30,0,0,"1",0,"R",13140,"O",28928,0,0,0,0,0,774
68,0,0,"0",6000,"V",18000,"F",0,0,600,0,160,0,775
69,0,0,"1",0,"T",0,"P",0,0,0,0,0,0,776
66,-1,0,"1",0,"P",11232,"P",0,0,0,0,0,0,777
99,0,0,"0",0,"Z",0,"N",0,0,0,0,0,0,778
64,0,0,"1",0,"T",0,"F",0,0,1000,0,0,0,779
34,2,0,"1",0,"E",11520,"O",14464,4,0,0,0,0,780
40,0,0,"1",1800,"P",30000,"O",26464,0,368,0,0,0,781
44,2,0,"1",0,"E",15000,"O",35392,4,0,0,0,0,782
66,-1,0,"1",0,"P",26406,"P",0,0,0,0,0,0,783
34,0,0,"yes",0,"Z",0,"N",0,0,0,0,0,0,784
60,0,0,"0",6000,"N",18000,"O",48928,4,0,0,0,0,785
58,2,0,"yes",6000,"E",18000,"O",0,0,0,0,0,0,786
68,-1,0,"1",0,"P",15000,"P",0,0,0,640,0,0,787
68,0,0,"1",0,"T",0,"F",0,0,120,0,0,0,788
56,-1,0,"1",0,"N",0,"U",0,0,1400,0,0,0,789
24,0,0,"1",0,"R",130823.735687882,"N",32320,4,0,0,0,0,790
30,-1,0,"yes",3776,"V",30000,"O",60000,27720,372,0,0,0,791
12,0,0,"1",0,"R",0,"O",14464,4,0,0,0,0,792
21,-1,0,"1",0,"E",198103.322144598,"O",43392,4,0,0,0,0,793
69,0,0,"1",0,"T",0,"P",0,0,0,0,0,0,794
62,-1,0,"1",0,"P",12000,"P",0,0,0,48,60,0,795
68,0,0,"1",0,"T",0,"P",0,0,0,0,0,0,796
46,-1,0,"1",7000,"E",15000,"O",8928,30464,672,0,0,40,797
46,3,0,"1",1900,"V",34500,"U",0,0,0,744,0,120,798
14,-1,0,"1",0,"R",0,"O",0,0,0,0,0,0,799
33,0,0,"1",5045,"E",0,"U",0,0,440,436,0,0,800
40,3,0,"1",7500,"V",37500,"O",3392,34464,0,0,0,0,801
9,0,0,"0",0,"R",0,"O",43392,4,0,0,0,0,802
52,-1,0,"1",2500,"P",22500,"O",928,6464,536,160,0,0,803
61,-1,0,"1",8000,"P",12600,"U",0,0,420,104,0,100,804
54,0,0,"1",0,"P",23100,"O",12928,0,0,0,0,120,805
54,-1,0,"1",2500,"P",30000,"O",22464,18464,420,0,60,0,806
43,-1,0,"1",4500,"P",33000,"O",48928,30464,660,0,0,200,807
64,0,0,"1",0,"V",24327,"P",0,0,320,0,0,0,808
66,0,0,"yes",0,"U",0,"P",46784,0,0,224,0,80,809
62,0,0,"1",0,"P",24600,"P",0,0,0,264,0,60,810
69,-1,0,"1",0,"T",0,"P",0,0,0,0,0,0,811
55,-1,0,"1",0,"P",0,"N",0,0,480,0,0,0,812
52,2,0,"1",1955,"P",33000,"O",8928,22464,580,316,40,48,813
99,-1,0,"1",0,"R",0,"U",0,0,0,0,0,0,814
52,-1,0,"1",0,"P",75466.4360638708,"O",28928,34464,800,0,0,0,815
58,2,0,"1",9425,"P",29934,"O",28928,54464,968,484,684,0,816
37,-1,0,"1",0,"E",376370.442784391,"O",54464,48000,584,0,400,0,817
67,-1,0,"1",0,"T",0,"N",0,0,0,0,0,0,818
39,3,0,"1",0,"V",495535.232629627,"O",28928,8000,400,240,0,0,819
26,-1,0,"1",2700,"R",256566.861225292,"O",48928,4,0,0,0,0,820
57,0,0,"1",0,"P",496503.373077139,"P",0,0,0,0,0,0,821
68,0,0,"0",0,"P",13416,"P",0,0,0,0,0,0,822
60,0,0,"0",0,"P",459838.86230737,"F",0,0,800,0,0,0,823
49,1,1,"yes",0,"W",0,"U",0,0,0,0,0,0,824
56,0,0,"1",0,"E",9464,"O",36928,14464,640,0,0,800,825
46,-1,0,"1",0,"P",18928,"O",44640,50464,800,0,0,1000,826
66,-1,0,"1",0,"T",0,"P",0,0,0,0,0,0,827
68,0,0,"1",0,"T",0,"P",0,0,0,0,0,40,828
39,0,0,"1",15900,"V",16500,"O",23392,48000,624,880,0,0,829
29,-1,0,"1",1700,"E",30000,"O",54464,56000,432,0,0,0,830
69,-1,0,"1",0,"T",0,"P",0,0,0,0,0,0,831
49,2,0,"1",5000,"P",128316.219802946,"O",30464,40000,300,0,0,220,832
43,-1,0,"0",0,"E",0,"O",0,0,0,0,0,0,833
51,-1,0,"0",0,"P",25641,"N",0,0,88,0,0,0,834
22,0,0,"1",0,"R",17100,"O",0,0,0,0,0,0,835
41,0,2,"1",0,"V",33000,"O",0,0,0,0,0,0,836
61,1,0,"1",6500,"V",37200,"O",37856,56928,1760,512,0,0,837
50,-1,0,"1",2000,"V",434903.747355565,"O",43392,28928,1400,800,0,120,838
66,0,0,"1",0,"P",13260,"P",0,0,240,0,0,120,839
59,3,0,"1",0,"P",24000,"U",0,0,0,0,0,0,840
52,0,0,"1",0,"V",485636.168690398,"O",57856,54464,872,512,0,0,841
52,-1,0,"1",0,"P",330779.734654352,"O",34464,43600,296,1480,0,60,842
39,1,0,"1",50000,"W",24464,"O",23744,16800,0,0,0,1200,843
69,0,0,"yes",0,"T",0,"P",0,0,400,0,0,0,844
69,-1,0,"1",0,"T",6570,"P",0,0,308,0,0,0,845
60,-1,0,"1",0,"P",30900,"O",50464,31164,760,0,0,0,846
58,-1,0,"yes",0,"P",383522.439724766,"O",37856,14464,700,0,0,0,847
62,1,0,"1",1479,"P",23400,"U",0,0,452,0,0,0,848
55,0,0,"1",0,"V",18900,"O",22464,48000,440,324,0,0,849
67,0,0,"yes",0,"M",16929,"P",36928,52000,0,0,0,0,850
52,1,0,"1",0,"P",9464,"O",43392,28928,1600,0,0,0,851
58,2,0,"1",0,"E",18000,"P",0,0,0,0,0,0,852
30,0,0,"1",4670,"P",27000,"O",0,0,0,0,368,0,853
69,0,0,"1",0,"T",0,"P",0,0,0,0,0,0,854
55,0,0,"yes",10800,"V",14832,"O",46464,14464,648,156,360,0,855
57,0,0,"1",0,"P",18928,"O",15712,23392,1680,0,0,120,856
46,0,0,"1",0,"P",30000,"O",23392,60000,720,0,0,0,857
60,-1,0,"1",0,"P",27000,"P",0,0,0,0,0,0,858
56,0,0,"1",0,"P",0,"U",0,0,480,560,0,0,859
63,0,0,"1",0,"V",19425,"F",0,0,280,0,0,0,860
69,0,0,"0",0,"T",0,"F",0,0,520,0,0,0,861
20,-1,0,"yes",0,"P",18978,"U",0,0,120,108,0,200,862
57,-1,0,"1",0,"P",16848,"P",0,0,400,0,0,0,863
67,0,0,"1",0,"T",6300,"P",0,0,0,0,0,0,864
67,0,0,"0",0,"M",24000,"N",0,0,0,332,0,0,865
26,-1,0,"1",0,"R",30000,"O",8928,0,0,0,0,0,866
64,0,0,"1",0,"V",22500,"P",0,0,200,0,0,0,867
67,-1,0,"1",0,"P",19500,"P",0,0,0,0,384,0,868
53,0,0,"1",0,"E",17400,"F",0,0,320,0,0,0,869
65,-1,0,"1",0,"T",6309,"F",0,0,400,0,0,0,870
68,-1,0,"1",0,"T",0,"P",0,0,164,0,0,0,871
67,0,0,"1",0,"P",14892,"P",0,0,0,0,0,0,872
57,0,0,"1",0,"P",30000,"O",30464,18464,632,120,0,0,873
59,0,0,"1",0,"V",35400,"O",26464,60000,520,468,0,0,874
46,4,0,"1",5600,"P",497650.585770607,"O",28928,56000,440,0,0,0,875
30,2,0,"yes",0,"R",9464,"O",13568,61248,0,5200,0,0,876
49,2,0,"yes",0,"W",0,"O",6784,20000,0,164,0,0,877
69,-1,0,"1",0,"T",0,"P",0,0,340,0,0,0,878
69,0,0,"yes",0,"T",0,"P",0,0,720,0,0,0,879
34,-1,0,"1",36000,"W",0,"O",48320,28928,1600,0,0,80,880
58,0,0,"1",0,"P",10500,"O",42464,6464,672,40,0,0,881
53,-1,0,"1",0,"V",28206,"O",36928,34464,780,0,0,0,882
52,2,0,"1",0,"P",33000,"U",0,0,476,240,0,0,883
49,3,0,"1",2400,"P",21600,"U",0,0,448,0,0,0,884
68,0,0,"1",0,"T",0,"P",0,0,280,0,0,0,885
53,0,0,"0",0,"P",485156.605709344,"N",0,0,0,0,0,0,886
13,0,2,"1",5200,"R",33000,"O",54464,4,0,0,0,80,887
50,2,0,"1",34000,"V",329875.606959686,"O",64640,23392,1800,800,0,2800,888
68,-1,0,"0",0,"B",17247,"U",0,0,332,224,0,0,889
55,0,0,"0",0,"P",12168,"P",0,0,0,0,0,68,890
69,0,0,"1",0,"T",0,"P",0,0,0,0,0,0,891
52,-1,0,"1",0,"P",0,"N",0,0,0,0,0,0,892
41,-1,0,"yes",0,"E",358079.797234386,"O",16960,3392,0,0,0,0,893
55,0,0,"1",0,"E",21000,"O",6464,50800,340,0,0,0,894
40,0,0,"1",10000,"V",30000,"O",60928,56000,412,0,0,400,895
65,0,0,"1",10000,"V",19500,"O",34464,20464,640,0,640,180,896
19,0,0,"yes",0,"R",0,"U",0,0,0,0,0,0,897
66,-1,0,"1",0,"T",5400,"P",0,0,0,0,0,32,898
58,0,0,"1",0,"T",0,"F",0,0,1200,0,0,0,899
67,0,0,"1",0,"T",5745,"P",0,0,0,0,0,0,900
59,-1,0,"1",0,"E",48000,"O",46464,14464,760,0,0,0,901
26,0,0,"1",0,"R",13014,"O",18464,3000,100,0,0,0,902
50,2,0,"1",2500,"P",321905.70415929,"O",36928,34464,880,208,0,28,903
65,0,0,"1",4283,"V",16092,"U",0,0,416,0,40,0,904
56,1,0,"1",0,"B",191566.80079177,"O",28928,26464,1120,0,0,0,905
66,-1,0,"1",0,"P",15000,"F",48928,0,0,0,0,0,906
68,0,0,"1",0,"T",0,"P",0,0,340,0,0,0,907
53,4,1,"1",2080,"E",18000,"U",0,0,320,0,0,0,908
44,2,0,"1",5000,"M",481790.660191327,"O",27392,46464,1400,0,0,0,909
51,2,0,"1",0,"P",0,"O",0,0,0,0,0,0,910
61,2,0,"1",0,"W",0,"O",0,0,0,0,0,0,911
40,0,0,"0",0,"U",0,"O",28928,4,0,0,0,0,912
59,0,0,"1",0,"T",0,"P",0,0,0,0,0,0,913
64,-1,0,"1",0,"T",0,"P",0,0,0,0,0,0,914
10,-1,0,"1",0,"R",0,"U",0,0,0,0,0,0,915
64,0,0,"1",0,"P",28500,"P",0,0,400,0,0,0,916
26,0,0,"1",2640,"R",14400,"O",0,0,0,0,0,0,917
63,0,0,"1",0,"P",12366,"P",20928,16000,160,0,0,0,918
52,4,0,"1",0,"P",24464,"O",17856,7392,2076,500,0,0,919
69,0,0,"0",0,"P",10140,"P",0,0,160,0,0,0,920
65,-1,0,"1",0,"P",17250,"F",0,0,400,0,0,0,921
66,-1,0,"0",0,"P",16200,"O",64000,63000,424,0,88,0,922
59,0,0,"1",0,"E",30000,"P",0,0,120,0,0,0,923
59,-1,0,"1",16000,"P",27000,"O",23392,8928,0,0,0,80,924
66,0,0,"1",0,"V",18927,"P",0,0,0,0,0,20,925
30,0,0,"1",2000,"B",24000,"O",9264,44000,300,540,0,0,926
63,-1,1,"1",0,"M",0,"U",0,0,520,0,0,80,927
65,0,0,"1",0,"T",0,"P",0,0,0,0,0,0,928
52,3,0,"1",0,"P",324548.364691436,"O",8928,62464,912,0,0,0,929
64,-1,0,"1",0,"V",21900,"P",0,0,0,0,0,120,930
66,-1,0,"1",0,"P",22005,"F",0,0,360,280,0,0,931
60,-1,0,"1",0,"T",13860,"F",0,0,600,0,0,0,932
67,-1,0,"1",0,"P",16500,"P",0,0,0,0,0,0,933
63,0,0,"0",0,"P",18000,"F",0,0,280,0,64,0,934
64,0,0,"1",0,"T",0,"F",0,0,400,0,0,0,935
68,0,0,"1",0,"T",9000,"P",0,0,0,0,0,0,936
68,0,0,"1",0,"P",17100,"P",0,0,480,0,160,0,937
57,2,0,"1",0,"P",27000,"O",34464,0,496,364,0,0,938
69,-1,0,"1",0,"T",10500,"P",0,0,0,0,0,0,939
54,2,1,"1",0,"P",31200,"U",0,0,320,0,0,0,940
55,-1,0,"1",0,"B",27000,"O",34464,0,0,0,0,0,941
68,-1,0,"1",0,"P",0,"P",0,0,0,0,0,0,942
59,0,0,"1",0,"E",18928,"O",15792,0,0,0,0,0,943
29,-1,0,"yes",0,"V",15600,"O",26464,4,0,0,0,0,944
58,0,0,"1",0,"E",30000,"P",0,0,0,0,0,0,945
54,0,0,"1",0,"P",21687,"O",28928,4928,980,0,0,200,946
47,3,0,"0",16000,"V",7200,"O",31392,52928,1720,680,48,0,947
66,0,0,"1",0,"T",4350,"F",0,0,0,0,0,0,948
11,0,0,"1",0,"Z",0,"N",0,0,0,0,0,0,949
62,-1,0,"1",536,"V",347622.599955648,"O",16928,4928,980,0,0,0,950
66,-1,0,"1",0,"T",5745,"P",0,0,320,0,0,0,951
46,-1,0,"1",0,"E",30000,"O",0,0,0,0,0,0,952
56,-1,1,"1",0,"V",37500,"U",0,0,256,300,0,0,953
55,0,0,"1",5799,"V",26145,"O",46464,10464,536,1080,0,0,954
65,0,0,"1",0,"T",8580,"F",0,0,560,0,0,0,955
35,-1,0,"1",0,"P",13500,"U",0,0,0,0,0,0,956
69,0,0,"1",0,"T",0,"P",0,0,0,0,0,0,957
69,0,0,"1",0,"T",7500,"P",0,0,480,0,0,0,958
65,0,0,"1",0,"P",18750,"F",0,0,0,0,0,0,959
67,-1,0,"0",0,"T",0,"F",0,0,1200,0,0,0,960
65,-1,0,"0",0,"T",0,"N",0,0,0,0,0,0,961
65,0,0,"1",0,"P",22257,"P",0,0,200,0,0,0,962
44,2,0,"1",0,"P",477735.461257398,"O",0,0,1000,0,0,0,963
63,0,0,"0",0,"V",21156,"F",0,0,280,0,0,0,964
57,-1,0,"0",0,"P",21000,"O",48928,46464,700,0,0,0,965
19,-1,0,"yes",0,"R",0,"U",0,0,360,0,0,0,966
45,-1,0,"1",0,"P",39464,"O",21248,928,1360,336,0,0,967
59,0,0,"1",0,"P",28500,"P",0,0,0,0,0,0,968
18,0,0,"1",0,"R",9630,"U",0,0,432,0,0,0,969
27,0,0,"1",0,"E",3464,"O",21248,24000,640,0,0,0,970
68,0,0,"yes",0,"T",6000,"F",0,0,416,0,0,0,971
68,0,0,"yes",0,"T",0,"F",0,0,0,0,0,0,972
69,0,0,"1",0,"T",0,"F",0,0,520,0,0,0,973
53,2,0,"1",5000,"E",22500,"U",0,0,400,392,80,120,974
67,0,0,"yes",0,"P",10500,"P",0,0,0,0,0,0,975
66,0,0,"0",0,"T",0,"P",0,0,0,0,0,0,976
68,0,0,"0",0,"T",0,"N",0,0,0,0,0,0,977
51,-1,0,"1",0,"P",180154.173476622,"O",64928,2464,504,0,0,0,978
68,-1,0,"yes",0,"T",0,"P",0,0,0,0,0,0,979
69,0,0,"1",0,"T",0,"F",0,0,448,0,0,0,980
66,0,0,"1",0,"P",27000,"U",0,0,700,0,0,1100,981
58,0,0,"1",0,"V",22620,"P",0,0,320,316,84,0,982
50,0,0,"yes",0,"V",47400,"O",3392,3392,1400,0,0,0,983
61,-1,0,"1",15000,"P",13500,"U",0,0,0,0,0,0,984
66,0,0,"0",0,"T",882,"F",0,0,0,0,0,0,985
33,-1,0,"1",5162,"P",32796,"U",0,0,444,76,412,0,986
47,2,0,"1",0,"E",25200,"O",52464,38464,824,0,160,0,987
99,-1,0,"0",0,"Z",0,"N",0,0,0,0,0,0,988
7,-1,0,"1",0,"R",12000,"N",0,0,0,0,0,0,989
50,2,0,"0",0,"V",12000,"F",0,0,1000,0,0,0,990
68,0,0,"1",0,"T",6426,"F",0,0,360,0,0,0,991
56,3,0,"1",0,"P",33000,"U",0,0,520,0,28,0,992
8,0,0,"1",0,"R",0,"N",0,0,0,0,0,0,993
44,2,0,"1",1250,"P",351112.043303438,"O",28928,20000,324,0,200,0,994
65,-1,0,"yes",0,"P",25500,"P",0,0,0,0,0,0,995
69,0,0,"1",0,"T",5916,"N",0,0,0,0,0,0,996
67,1,0,"0",0,"P",21750,"U",0,0,448,0,80,0,997
67,-1,0,"1",0,"T",5100,"P",0,0,0,0,0,0,998
62,-1,0,"0",0,"T",6000,"F",0,0,0,0,0,0,999
43,2,0,"1",0,"V",21942,"O",0,0,0,0,0,0,1000
37,1,0,"1",7000,"P",279964.135885239,"O",43392,2464,600,0,0,40,1001
60,-1,0,"0",0,"T",13365,"P",0,0,144,0,0,0,1002
63,0,0,"1",0,"P",36600,"P",0,0,0,0,360,200,1003
22,0,0,"1",0,"R",0,"O",37856,4,0,0,0,0,1004
19,-1,0,"1",0,"R",7044,"F",0,0,0,0,0,0,1005
32,0,1,"1",5000,"P",33000,"O",20928,42464,784,228,0,0,1006
61,0,0,"1",0,"P",27810,"O",64000,60800,500,0,0,0,1007
26,0,0,"0",0,"R",0,"N",0,0,0,0,0,0,1008
39,4,1,"1",0,"B",488760.144636035,"O",39392,14464,800,84,0,600,1009
46,1,0,"1",0,"V",477019.531959668,"O",21248,24000,0,0,0,180,1010
64,0,0,"1",11200,"V",19800,"O",38464,6464,0,0,0,400,1011
35,0,0,"1",5200,"P",26487,"O",16928,25352,244,280,0,0,1012
62,0,0,"1",0,"P",0,"U",0,0,0,188,176,0,1013
65,0,0,"1",0,"P",16611,"F",0,0,308,0,0,0,1014
57,0,0,"1",0,"P",24000,"O",34464,0,0,0,0,0,1015
55,2,0,"1",3000,"E",321724.082967266,"O",50176,54464,864,0,0,1200,1016
32,0,0,"1",0,"R",22500,"O",54784,0,0,0,0,0,1017
7,0,0,"1",0,"R",0,"O",0,0,0,0,0,0,1018
66,0,0,"1",0,"P",26100,"F",0,0,640,0,0,120,1019
62,0,0,"1",0,"P",471799.214910716,"F",0,0,800,0,0,0,1020
49,2,0,"1",0,"E",36000,"O",26464,60000,500,0,428,0,1021
18,-1,0,"1",14000,"R",0,"O",28928,4,0,0,0,0,1022
57,-1,0,"1",0,"E",24000,"O",0,0,0,0,0,0,1023
53,0,0,"1",18000,"P",24000,"O",48928,28928,1464,336,64,0,1024
68,0,0,"1",0,"T",0,"U",0,0,320,0,0,0,1025
59,-1,0,"1",4160,"P",11700,"O",60000,15600,0,0,0,0,1026
52,-1,0,"1",7500,"W",0,"O",3392,14464,980,0,0,0,1027
63,0,0,"1",0,"M",30000,"N",0,0,0,264,0,0,1028
51,2,0,"1",7500,"P",16590,"O",14464,0,448,0,144,0,1029
25,0,0,"1",0,"P",36000,"O",28928,4,0,0,0,0,1030
55,2,0,"1",0,"V",375122.155444697,"O",22464,40000,320,720,0,0,1031
47,-1,0,"1",12000,"W",0,"O",44928,44928,520,0,0,0,1032
69,-1,0,"1",0,"T",4326,"P",0,0,0,0,0,0,1033
55,2,0,"1",0,"V",9000,"O",18464,46000,300,0,0,0,1034
37,2,0,"1",6000,"V",39666,"O",37856,4928,1284,636,0,0,1035
57,-1,0,"1",0,"P",332101.42747499,"O",62464,18464,1040,320,160,0,1036
27,0,0,"1",0,"R",12000,"O",32320,4,0,0,0,0,1037
33,0,0,"1",0,"P",343683.985518292,"O",28928,4,0,416,0,0,1038
26,0,0,"1",0,"W",0,"U",0,0,368,0,0,0,1039
68,0,0,"yes",0,"T",5859,"N",0,0,0,0,0,0,1040
69,-1,0,"1",0,"T",0,"P",0,0,0,0,0,0,1041
69,0,0,"0",0,"T",0,"F",0,0,448,0,0,0,1042
69,0,0,"1",0,"T",0,"P",0,0,0,0,0,0,1043
66,1,0,"1",0,"P",0,"F",0,0,0,0,0,0,1044
65,0,0,"1",0,"V",9495,"N",0,0,0,0,0,0,1045
36,-1,0,"1",0,"P",419424.587357789,"O",20928,54464,1520,0,0,0,1046
64,0,0,"1",0,"P",17820,"P",0,0,0,0,0,0,1047
65,0,0,"1",0,"U",0,"P",0,0,0,0,0,0,1048
38,-1,0,"1",0,"P",24000,"N",14464,4,0,608,0,0,1049
49,-1,0,"yes",0,"P",7200,"O",28928,64000,440,0,0,0,1050
58,0,0,"1",0,"P",341204.119361937,"O",36464,30464,712,280,120,0,1051
61,-1,0,"1",0,"V",28254,"P",0,0,0,528,0,0,1052
56,0,0,"1",2444,"E",36000,"O",36928,8928,1040,472,0,0,1053
47,-1,0,"1",0,"B",16662,"P",0,0,0,0,0,0,1054
67,-1,0,"1",0,"T",4500,"F",0,0,0,0,0,0,1055
56,-1,0,"1",0,"E",360666.166841984,"U",0,0,320,0,0,0,1056
69,-1,0,"0",0,"T",0,"P",0,0,0,0,0,0,1057
62,0,0,"1",0,"V",17565,"P",0,0,0,0,0,0,1058
57,1,0,"0",3640,"P",29736,"O",38464,38464,0,120,640,0,1059
50,-1,0,"1",0,"T",21000,"F",0,0,480,0,0,0,1060
47,2,0,"1",0,"V",36000,"O",28928,0,0,756,0,80,1061
49,-1,0,"1",9620,"P",4680,"F",0,0,0,0,0,0,1062
56,-1,0,"0",0,"V",21750,"O",60000,44000,440,0,0,120,1063
20,-1,0,"yes",0,"R",0,"U",0,0,72,0,0,0,1064
49,-1,0,"yes",0,"P",4896,"O",28928,14464,0,0,0,0,1065
61,-1,0,"1",0,"V",20358,"O",26464,64000,656,0,0,0,1066
69,0,0,"1",0,"T",5745,"P",0,0,340,0,0,0,1067
43,2,0,"1",0,"P",24464,"O",43392,14928,1120,760,0,200,1068
11,0,0,"0",0,"R",13500,"O",0,0,0,0,0,0,1069
63,-1,0,"1",6000,"P",25500,"U",0,0,280,508,0,0,1070
45,-1,0,"1",0,"V",38403,"O",48928,20000,200,0,0,0,1071
69,0,0,"1",0,"T",5859,"P",0,0,100,0,0,0,1072
66,0,0,"0",0,"T",0,"F",0,0,480,0,0,0,1073
61,-1,0,"1",0,"P",30000,"F",0,0,0,0,400,0,1074
44,2,0,"1",12800,"P",267676.990898326,"O",32928,22464,712,760,0,160,1075
68,-1,0,"yes",0,"P",12000,"P",0,0,240,0,0,0,1076
47,0,0,"1",0,"V",27000,"O",34464,56000,484,0,0,40,1077
55,2,0,"1",0,"E",30000,"O",48928,4,0,0,256,0,1078
33,1,0,"1",8056,"V",50484,"O",23392,4,0,0,0,200,1079
44,1,0,"1",0,"E",30000,"O",53248,6464,800,0,0,0,1080
46,1,0,"0",0,"P",364451.469602063,"O",43392,24000,344,464,0,0,1081
33,0,0,"1",0,"W",0,"O",48928,28000,200,28000,0,0,1082
69,0,0,"0",0,"T",0,"P",0,0,0,0,0,0,1083
36,-1,1,"1",0,"P",18928,"F",0,0,0,1440,0,1200,1084
7,0,0,"1",0,"R",0,"O",14464,4,0,0,0,0,1085
61,-1,0,"1",0,"P",12960,"P",0,0,0,0,0,0,1086
65,0,0,"1",12000,"T",0,"O",0,0,640,604,0,80,1087
58,0,0,"1",0,"P",24000,"O",28928,64000,680,0,0,0,1088
58,2,0,"1",0,"P",39000,"F",0,0,280,0,44,0,1089
36,-1,0,"1",0,"P",15000,"O",14464,32000,532,0,0,0,1090
64,-1,0,"yes",0,"T",0,"P",0,0,0,0,0,0,1091
68,0,0,"1",0,"P",17334,"P",0,0,0,0,0,0,1092
62,1,0,"0",5040,"M",18000,"F",0,0,172,288,0,60,1093
63,0,0,"1",14000,"V",24000,"O",43928,24320,1308,0,0,0,1094
55,1,0,"1",0,"P",31980,"N",0,0,0,0,0,300,1095
60,-1,0,"yes",0,"V",22500,"O",22464,22464,600,0,0,0,1096
53,-1,0,"1",0,"P",247675.500335172,"O",8928,34464,720,360,0,80,1097
39,-1,0,"1",24000,"E",5184,"O",17856,50464,1200,0,0,800,1098
49,1,0,"1",0,"P",370571.415005252,"O",32320,42464,400,420,0,0,1099
59,0,0,"1",0,"P",25620,"P",0,0,0,0,0,0,1100
99,0,0,"1",0,"Z",21000,"N",0,0,0,0,0,60,1101
21,1,0,"1",20000,"W",0,"O",32320,4,0,0,0,0,1102
51,5,0,"1",3690,"P",24255,"U",0,0,0,0,0,0,1103
69,0,0,"1",0,"V",0,"P",0,0,0,0,0,0,1104
64,0,0,"1",0,"V",20400,"U",0,0,192,0,0,0,1105
53,2,0,"1",1200,"P",30000,"O",54464,48000,528,0,0,0,1106
51,3,0,"1",0,"V",17640,"N",0,0,0,0,0,0,1107
55,1,0,"yes",1800,"B",36000,"O",22464,64000,640,240,0,0,1108
65,0,0,"1",0,"P",19500,"P",0,0,0,0,0,0,1109
47,2,0,"1",0,"P",18900,"U",0,0,0,0,0,0,1110
68,-1,0,"yes",0,"P",12960,"F",0,0,480,36,0,0,1111
53,2,0,"1",10000,"V",9900,"U",0,0,588,0,0,0,1112
68,0,0,"1",0,"P",10800,"P",0,0,200,0,0,0,1113
52,-1,0,"1",2000,"V",24000,"U",0,0,448,0,0,0,1114
69,0,0,"1",0,"T",0,"P",0,0,640,0,0,0,1115
40,1,0,"yes",10000,"E",9464,"O",3392,46464,1000,0,0,0,1116
41,-1,0,"1",0,"P",29400,"U",0,0,216,100,0,0,1117
58,0,0,"1",0,"P",22500,"O",50464,38464,904,0,0,0,1118
64,0,0,"0",0,"P",22080,"O",22464,12864,620,220,100,0,1119
58,0,0,"0",0,"V",7800,"U",0,0,360,0,0,0,1120
61,-1,0,"1",0,"P",0,"F",0,0,0,0,0,0,1121
63,-1,0,"0",0,"P",22800,"O",6464,6464,584,120,0,0,1122
46,-1,0,"1",10500,"V",30000,"O",8928,34464,700,480,0,0,1123
57,-1,0,"1",0,"P",259118.587370031,"O",25392,6928,940,80,200,0,1124
68,-1,0,"1",0,"P",13482,"P",0,0,320,0,0,0,1125
63,0,0,"1",0,"P",25500,"U",0,0,320,200,72,0,1126
54,-1,0,"yes",0,"P",10214,"O",10176,52320,3800,700,0,0,1127
59,-1,0,"1",0,"T",6000,"F",0,0,480,0,0,0,1128
59,-1,0,"0",0,"U",0,"N",0,0,0,0,0,0,1129
56,2,0,"1",0,"P",37500,"O",23392,26464,700,0,0,0,1130
54,2,0,"1",3000,"V",48600,"O",46464,30464,624,264,0,0,1131
66,-1,0,"1",0,"E",9000,"P",0,0,0,0,0,0,1132
67,0,0,"1",0,"V",14625,"U",0,0,320,0,88,0,1133
43,0,0,"1",10000,"V",15000,"O",36464,0,592,464,0,0,1134
69,-1,0,"1",0,"T",0,"O",20928,4,0,0,0,200,1135
58,1,0,"1",0,"V",229062.163499184,"O",48464,42464,720,100,392,0,1136
30,0,0,"yes",3800,"V",8100,"O",22464,4,0,0,0,0,1137
18,-1,0,"1",0,"R",0,"N",0,0,0,0,0,0,1138
67,0,0,"1",0,"T",4680,"F",0,0,400,0,0,0,1139
69,0,0,"0",0,"T",5700,"F",0,0,72,0,0,0,1140
31,0,0,"1",0,"P",0,"U",0,0,416,0,0,0,1141
64,-1,0,"0",0,"P",26226,"O",34464,0,856,0,0,0,1142
55,0,0,"1",9000,"P",10545,"O",34464,0,800,0,0,0,1143
52,2,0,"1",0,"P",42000,"O",52464,464,0,0,0,0,1144
29,2,0,"1",0,"E",0,"O",0,0,0,0,0,0,1145
55,0,0,"1",0,"P",108312.70204857,"P",0,0,0,0,544,80,1146
50,1,0,"1",0,"P",6000,"O",58464,40000,288,0,0,0,1147
45,1,0,"1",0,"P",271477.92362608,"O",61248,30464,880,0,0,0,1148
23,0,0,"1",0,"R",15000,"O",32320,4,0,0,0,0,1149
57,-1,0,"1",0,"E",27000,"U",0,0,328,0,0,0,1150
66,0,0,"1",0,"T",5715,"F",0,0,412,0,0,0,1151
63,-1,0,"yes",0,"P",18720,"P",0,0,80,0,0,0,1152
67,1,0,"0",0,"B",19500,"U",0,0,356,168,144,0,1153
55,1,0,"1",0,"P",12000,"U",0,0,0,0,0,0,1154
52,0,0,"1",10200,"V",36600,"O",46464,0,684,240,400,40,1155
30,3,0,"1",0,"R",0,"O",10784,4,0,0,0,100,1156
50,4,0,"1",7000,"B",35400,"O",4928,60000,532,0,248,440,1157
59,-1,0,"1",9500,"P",15660,"O",30464,46000,288,0,516,0,1158
42,1,0,"1",0,"P",30600,"O",28928,54464,0,0,0,0,1159
66,0,0,"1",0,"V",19131,"P",0,0,0,0,0,0,1160
48,3,0,"1",0,"E",0,"O",0,0,0,0,0,0,1161
66,0,0,"1",0,"T",0,"F",0,0,440,0,0,0,1162
69,-1,0,"1",0,"P",9360,"P",0,0,0,0,0,0,1163
39,0,0,"1",1440,"V",25500,"U",0,0,108,320,0,0,1164
42,-1,0,"1",0,"Z",0,"N",0,0,0,0,0,0,1165
58,-1,0,"1",5000,"V",31320,"F",0,0,500,0,0,0,1166
59,-1,0,"0",0,"P",18000,"U",0,0,320,216,0,0,1167
54,2,0,"0",1800,"B",27600,"O",52464,47964,776,0,0,0,1168
53,-1,0,"1",0,"E",18000,"N",0,0,0,300,0,0,1169
49,2,0,"1",14700,"P",18210,"O",28928,22464,584,640,0,60,1170
69,-1,0,"1",0,"T",4296,"P",0,0,0,0,0,0,1171
69,-1,0,"1",0,"T",12000,"P",0,0,0,0,0,0,1172
38,0,0,"1",0,"R",16248,"U",0,0,388,0,0,0,1173
28,3,0,"1",15000,"V",30000,"O",11392,40000,760,0,0,0,1174
40,0,0,"1",4353,"P",5292,"N",0,0,0,0,0,0,1175
57,-1,0,"1",0,"P",30000,"O",34464,32464,760,0,280,0,1176
57,1,0,"1",0,"P",30000,"O",64000,52000,384,0,0,0,1177
56,0,0,"1",11000,"V",36102,"O",62464,0,720,0,0,0,1178
64,0,0,"1",0,"P",27000,"F",0,0,600,0,0,360,1179
48,2,0,"1",0,"M",39000,"O",14464,0,240,160,0,0,1180
99,0,0,"0",0,"R",0,"N",0,0,0,0,0,0,1181
44,0,0,"yes",0,"P",206162.954689935,"O",48928,54464,1200,308,0,0,1182
53,0,0,"yes",0,"E",928,"O",43392,4,0,0,0,0,1183
57,1,0,"1",11000,"V",21741,"O",928,40464,0,0,0,100,1184
44,-1,0,"1",8000,"W",0,"U",0,0,628,0,0,680,1185
39,3,0,"1",3000,"E",91813.4412541986,"O",20928,54464,1200,600,0,0,1186
68,0,0,"1",0,"E",12480,"U",0,0,480,0,0,0,1187
45,-1,0,"0",0,"P",0,"O",57856,12928,0,200,0,0,1188
60,-1,0,"1",0,"P",23850,"O",28928,4,0,500,0,0,1189
65,-1,0,"1",0,"V",27279,"F",0,0,740,0,0,160,1190
40,0,0,"1",6000,"V",30000,"U",0,0,384,0,0,0,1191
62,0,0,"1",0,"W",0,"U",0,0,0,0,0,0,1192
65,0,0,"1",0,"V",15000,"P",0,0,0,0,0,0,1193
22,2,0,"1",0,"E",0,"O",0,0,0,0,0,0,1194
55,-1,0,"1",0,"P",18000,"O",46464,0,0,684,300,0,1195
59,2,0,"1",0,"V",17889,"O",4928,50464,0,0,0,0,1196
69,-1,0,"1",0,"T",0,"P",0,0,0,0,0,0,1197
50,-1,0,"1",11100,"V",284523.207908496,"O",52192,27392,1740,472,0,36,1198
69,0,0,"yes",0,"P",18000,"P",0,0,0,472,0,0,1199
45,2,0,"1",30000,"E",9000,"N",0,0,0,0,0,0,1200
41,-1,1,"1",12400,"P",52500,"O",3392,24000,400,1600,0,0,1201
65,0,0,"0",0,"M",0,"F",0,0,0,200,336,104,1202
61,0,0,"1",0,"P",18000,"F",0,0,0,0,0,0,1203
57,-1,0,"1",11700,"P",451138.054523617,"O",46784,7392,2048,0,0,160,1204
52,-1,0,"1",0,"P",402197.083146311,"O",63392,54464,1900,0,0,0,1205
61,0,0,"1",0,"P",12480,"P",0,0,0,0,0,0,1206
62,0,0,"1",0,"E",24000,"F",0,0,400,0,0,0,1207
64,0,0,"1",0,"P",21240,"P",0,0,320,0,0,0,1208
58,2,0,"1",0,"P",23400,"O",20928,46464,400,0,68,76,1209
48,0,0,"0",0,"P",9000,"F",0,0,320,28,0,0,1210
49,-1,0,"1",0,"P",24464,"O",3392,34464,800,0,0,320,1211
8,-1,0,"1",0,"R",0,"U",0,0,0,0,0,0,1212
46,0,0,"0",0,"P",373734.546741471,"O",60800,38400,636,0,0,0,1213
58,0,0,"1",0,"V",21900,"F",0,0,600,296,0,0,1214
64,-1,0,"1",0,"V",24852,"O",34464,20464,528,360,0,0,1215
64,0,0,"1",0,"P",52500,"P",0,0,0,0,0,0,1216
20,0,1,"1",1000,"R",316322.89391011,"O",6784,40000,744,0,0,0,1217
35,4,0,"1",8000,"E",6000,"O",43392,6400,0,0,0,600,1218
22,0,0,"1",0,"R",0,"O",14464,4,0,0,0,0,1219
61,0,0,"1",2500,"E",15000,"O",60464,22000,416,880,0,0,1220
52,4,1,"1",0,"V",37764,"U",0,0,0,340,0,0,1221
56,-1,0,"yes",1200,"P",31500,"O",6928,46464,784,256,0,0,1222
60,0,0,"1",0,"E",443232.939885929,"O",11392,928,1144,680,0,108,1223
20,-1,0,"1",0,"R",0,"N",0,0,0,0,0,0,1224
66,0,0,"1",0,"T",5538,"P",0,0,492,0,0,0,1225
